2022-08-31 22:03:25.818864+00:00,1661983405.8188636,23861.78,10.34,1.053955,-0.119995,-0.029419,-2.952576,-1.205444,1.190186,0.0,0.0,0.0
2022-08-31 22:03:25.839194+00:00,1661983405.8391936,23861.8,10.361,1.05481,-0.123047,-0.030762,-2.983093,-1.13678,1.182556,0.0,0.0,0.0
2022-08-31 22:03:25.859691+00:00,1661983405.8596914,23861.82,10.334,1.050903,-0.12146,-0.028809,-2.983093,-1.12915,1.197815,0.0,0.0,0.0
2022-08-31 22:03:25.879980+00:00,1661983405.87998,23861.84,10.364,1.055298,-0.122803,-0.0271,-2.967834,-1.113892,1.213074,0.0,0.0,0.0
2022-08-31 22:03:25.900256+00:00,1661983405.9002557,23861.86,10.325,1.052856,-0.123413,-0.022339,-3.02887,-1.152039,1.228333,0.0,0.0,0.0
2022-08-31 22:03:25.920532+00:00,1661983405.9205315,23861.88,10.349,1.056152,-0.123779,-0.027222,-3.005981,-1.197815,1.281738,0.0,0.0,0.0
2022-08-31 22:03:25.940805+00:00,1661983405.940805,23861.9,10.355,1.050171,-0.123901,-0.029663,-3.036499,-1.358032,1.243591,0.0,0.0,0.0
2022-08-31 22:03:25.961072+00:00,1661983405.9610722,23861.92,10.334,1.050415,-0.122925,-0.027588,-3.02124,-1.228333,1.205444,0.0,0.0,0.0
2022-08-31 22:03:25.981334+00:00,1661983405.9813342,23861.94,10.346,1.052002,-0.122681,-0.033569,-3.005981,-1.296997,1.205444,0.0,0.0,0.0
2022-08-31 22:03:26.001601+00:00,1661983406.0016015,23861.96,10.355,1.05481,-0.122803,-0.030151,-2.975464,-1.174927,1.197815,0.0,0.0,0.0
2022-08-31 22:03:26.021956+00:00,1661983406.0219562,23861.98,10.343,1.055542,-0.120728,-0.029785,-2.983093,-1.075745,1.121521,0.0,0.0,0.0
2022-08-31 22:03:26.042321+00:00,1661983406.0423212,23862.0,10.322,1.053101,-0.121216,-0.027588,-2.998352,-1.106262,1.205444,0.0,0.0,0.0
2022-08-31 22:03:26.062642+00:00,1661983406.0626423,23862.02,10.322,1.05542,-0.121704,-0.027588,-3.036499,-1.152039,1.251221,0.0,0.0,0.0
2022-08-31 22:03:26.083041+00:00,1661983406.0830414,23862.04,10.337,1.052612,-0.120483,-0.025879,-2.967834,-1.197815,1.25885,0.0,0.0,0.0
2022-08-31 22:03:26.103691+00:00,1661983406.1036913,23862.06,10.361,1.05481,-0.122314,-0.025391,-2.952576,-1.289368,1.281738,0.0,0.0,0.0
2022-08-31 22:03:26.129057+00:00,1661983406.129057,23862.09,10.361,1.057373,-0.122559,-0.027588,-3.02124,-1.281738,1.228333,0.0,0.0,0.0
2022-08-31 22:03:26.148425+00:00,1661983406.148425,23862.11,10.343,1.052612,-0.123535,-0.029785,-2.960205,-1.228333,1.243591,0.0,0.0,0.0
2022-08-31 22:03:26.169825+00:00,1661983406.169825,23862.13,10.346,1.054688,-0.123535,-0.033813,-2.998352,-1.190186,1.220703,0.0,0.0,0.0
2022-08-31 22:03:26.189098+00:00,1661983406.1890976,23862.15,10.319,1.051147,-0.121948,-0.029419,-3.051758,-1.213074,1.12915,0.0,0.0,0.0
2022-08-31 22:03:26.210461+00:00,1661983406.2104611,23862.17,10.358,1.050659,-0.123413,-0.029907,-3.059387,-1.174927,1.174927,0.0,0.0,0.0
2022-08-31 22:03:26.230953+00:00,1661983406.230953,23862.19,10.355,1.054199,-0.122803,-0.0271,-2.975464,-1.174927,1.213074,0.0,0.0,0.0
2022-08-31 22:03:26.251493+00:00,1661983406.2514925,23862.21,10.328,1.055176,-0.119629,-0.025269,-3.02887,-1.152039,1.213074,0.0,0.0,0.0
2022-08-31 22:03:26.272026+00:00,1661983406.2720258,23862.23,10.355,1.053711,-0.121216,-0.025391,-3.02887,-1.251221,1.205444,0.0,0.0,0.0
2022-08-31 22:03:26.292566+00:00,1661983406.2925663,23862.25,10.355,1.053101,-0.124756,-0.023682,-2.990723,-1.274109,1.243591,0.0,0.0,0.0
2022-08-31 22:03:26.313112+00:00,1661983406.313112,23862.27,10.343,1.054321,-0.121704,-0.028931,-3.036499,-1.281738,1.213074,0.0,0.0,0.0
2022-08-31 22:03:26.333613+00:00,1661983406.333613,23862.29,10.358,1.053345,-0.124268,-0.030273,-2.960205,-1.190186,1.174927,0.0,0.0,0.0
2022-08-31 22:03:26.354010+00:00,1661983406.3540096,23862.31,10.337,1.053345,-0.124146,-0.031128,-2.983093,-1.167297,1.228333,0.0,0.0,0.0
2022-08-31 22:03:26.374335+00:00,1661983406.3743353,23862.33,10.325,1.053345,-0.124023,-0.030762,-3.02124,-1.174927,1.235962,0.0,0.0,0.0
2022-08-31 22:03:26.394616+00:00,1661983406.3946157,23862.35,10.352,1.052612,-0.122314,-0.025391,-2.983093,-1.144409,1.197815,0.0,0.0,0.0
2022-08-31 22:03:26.414911+00:00,1661983406.4149113,23862.37,10.343,1.055664,-0.120605,-0.025024,-3.013611,-1.121521,1.197815,0.0,0.0,0.0
2022-08-31 22:03:26.435237+00:00,1661983406.4352372,23862.39,10.343,1.052734,-0.120361,-0.025513,-3.005981,-1.220703,1.220703,0.0,0.0,0.0
2022-08-31 22:03:26.455692+00:00,1661983406.4556923,23862.41,10.334,1.054321,-0.121338,-0.02417,-3.036499,-1.220703,1.251221,0.0,0.0,0.0
2022-08-31 22:03:26.476194+00:00,1661983406.476194,23862.43,10.355,1.053345,-0.121216,-0.028198,-3.036499,-1.296997,1.266479,0.0,0.0,0.0
2022-08-31 22:03:26.496554+00:00,1661983406.496554,23862.46,10.343,1.052612,-0.125488,-0.033936,-3.02124,-1.25885,1.228333,0.0,0.0,0.0
2022-08-31 22:03:26.516821+00:00,1661983406.5168211,23862.48,10.331,1.052856,-0.123779,-0.032837,-2.983093,-1.220703,1.213074,0.0,0.0,0.0
2022-08-31 22:03:26.537086+00:00,1661983406.5370862,23862.5,10.337,1.051514,-0.122192,-0.029419,-2.937317,-1.190186,1.220703,0.0,0.0,0.0
2022-08-31 22:03:26.557353+00:00,1661983406.5573528,23862.52,10.346,1.05481,-0.120605,-0.028931,-2.960205,-1.152039,1.182556,0.0,0.0,0.0
2022-08-31 22:03:26.577612+00:00,1661983406.577612,23862.54,10.337,1.055542,-0.120728,-0.031372,-2.975464,-1.106262,1.251221,0.0,0.0,0.0
2022-08-31 22:03:26.597865+00:00,1661983406.5978649,23862.56,10.346,1.053345,-0.120117,-0.026489,-2.960205,-1.152039,1.228333,0.0,0.0,0.0
2022-08-31 22:03:26.618224+00:00,1661983406.6182241,23862.58,10.358,1.053589,-0.120361,-0.024536,-2.914429,-1.174927,1.205444,0.0,0.0,0.0
2022-08-31 22:03:26.638504+00:00,1661983406.638504,23862.6,10.352,1.052246,-0.120972,-0.025635,-3.051758,-1.220703,1.25885,0.0,0.0,0.0
2022-08-31 22:03:26.658770+00:00,1661983406.65877,23862.62,10.352,1.05249,-0.123779,-0.026245,-2.975464,-1.25885,1.243591,0.0,0.0,0.0
2022-08-31 22:03:26.679102+00:00,1661983406.6791024,23862.64,10.361,1.052246,-0.124268,-0.027832,-3.013611,-1.289368,1.274109,0.0,0.0,0.0
2022-08-31 22:03:26.699438+00:00,1661983406.6994379,23862.66,10.346,1.054688,-0.123535,-0.031494,-3.02124,-1.220703,1.235962,0.0,0.0,0.0
2022-08-31 22:03:26.719710+00:00,1661983406.7197099,23862.68,10.343,1.051392,-0.125732,-0.033081,-3.02887,-1.174927,1.197815,0.0,0.0,0.0
2022-08-31 22:03:26.739980+00:00,1661983406.7399795,23862.7,10.352,1.051514,-0.122314,-0.030884,-3.059387,-1.113892,1.167297,0.0,0.0,0.0
2022-08-31 22:03:26.760237+00:00,1661983406.7602365,23862.72,10.361,1.052124,-0.122437,-0.028442,-2.906799,-1.182556,1.182556,0.0,0.0,0.0
2022-08-31 22:03:26.780500+00:00,1661983406.7805002,23862.74,10.34,1.054321,-0.120483,-0.029175,-2.990723,-1.174927,1.167297,0.0,0.0,0.0
2022-08-31 22:03:26.800764+00:00,1661983406.8007636,23862.76,10.358,1.053589,-0.121582,-0.027588,-3.044128,-1.228333,1.190186,0.0,0.0,0.0
2022-08-31 22:03:26.820999+00:00,1661983406.8209987,23862.78,10.373,1.053223,-0.122437,-0.026611,-2.983093,-1.289368,1.228333,0.0,0.0,0.0
2022-08-31 22:03:26.841252+00:00,1661983406.841252,23862.8,10.349,1.052002,-0.119751,-0.029175,-3.005981,-1.251221,1.228333,0.0,0.0,0.0
2022-08-31 22:03:26.861503+00:00,1661983406.8615026,23862.82,10.343,1.051758,-0.122681,-0.028198,-3.044128,-1.266479,1.190186,0.0,0.0,0.0
2022-08-31 22:03:26.881753+00:00,1661983406.8817532,23862.84,10.367,1.052124,-0.126465,-0.029541,-3.044128,-1.197815,1.220703,0.0,0.0,0.0
2022-08-31 22:03:26.902004+00:00,1661983406.9020035,23862.86,10.343,1.051147,-0.12439,-0.028076,-3.02887,-1.113892,1.190186,0.0,0.0,0.0
2022-08-31 22:03:26.922252+00:00,1661983406.922252,23862.88,10.361,1.052734,-0.123047,-0.027344,-2.960205,-1.182556,1.197815,0.0,0.0,0.0
2022-08-31 22:03:26.942899+00:00,1661983406.942899,23862.9,10.346,1.051758,-0.119995,-0.028564,-2.929688,-1.159668,1.243591,0.0,0.0,0.0
2022-08-31 22:03:26.963560+00:00,1661983406.9635596,23862.92,10.361,1.055298,-0.122437,-0.023926,-2.967834,-1.174927,1.228333,0.0,0.0,0.0
2022-08-31 22:03:26.985121+00:00,1661983406.985121,23862.94,10.355,1.049438,-0.120605,-0.026611,-3.02887,-1.25885,1.182556,0.0,0.0,0.0
2022-08-31 22:03:27.005718+00:00,1661983407.0057175,23862.96,10.355,1.05127,-0.119751,-0.031128,-2.998352,-1.289368,1.197815,0.0,0.0,0.0
2022-08-31 22:03:27.025500+00:00,1661983407.0255,23862.98,10.355,1.050659,-0.123535,-0.029541,-3.051758,-1.25885,1.251221,0.0,0.0,0.0
2022-08-31 22:03:27.045241+00:00,1661983407.0452414,23863.0,10.343,1.052246,-0.121948,-0.035156,-2.960205,-1.220703,1.243591,0.0,0.0,0.0
2022-08-31 22:03:27.064859+00:00,1661983407.0648587,23863.02,10.358,1.054565,-0.121826,-0.031616,-2.998352,-1.182556,1.228333,0.0,0.0,0.0
2022-08-31 22:03:27.085518+00:00,1661983407.0855184,23863.04,10.355,1.052246,-0.123169,-0.030273,-2.975464,-1.13678,1.213074,0.0,0.0,0.0
2022-08-31 22:03:27.107128+00:00,1661983407.107128,23863.07,10.34,1.054321,-0.124023,-0.027222,-2.990723,-1.106262,1.213074,0.0,0.0,0.0
2022-08-31 22:03:27.127431+00:00,1661983407.127431,23863.09,10.343,1.053711,-0.12207,-0.030151,-2.960205,-1.182556,1.190186,0.0,0.0,0.0
2022-08-31 22:03:27.148823+00:00,1661983407.148823,23863.11,10.337,1.048584,-0.120117,-0.027344,-2.967834,-1.182556,1.182556,0.0,0.0,0.0
2022-08-31 22:03:27.168093+00:00,1661983407.1680932,23863.13,10.346,1.054321,-0.122314,-0.026978,-2.967834,-1.251221,1.213074,0.0,0.0,0.0
2022-08-31 22:03:27.189431+00:00,1661983407.1894312,23863.15,10.346,1.052734,-0.121094,-0.027588,-2.990723,-1.289368,1.205444,0.0,0.0,0.0
2022-08-31 22:03:27.208685+00:00,1661983407.2086852,23863.17,10.364,1.050537,-0.125244,-0.028931,-3.005981,-1.205444,1.228333,0.0,0.0,0.0
2022-08-31 22:03:27.231067+00:00,1661983407.231067,23863.19,10.346,1.053589,-0.123291,-0.029419,-3.051758,-1.251221,1.205444,0.0,0.0,0.0
2022-08-31 22:03:27.251331+00:00,1661983407.251331,23863.21,10.349,1.05249,-0.119995,-0.029663,-2.937317,-1.213074,1.174927,0.0,0.0,0.0
2022-08-31 22:03:27.271586+00:00,1661983407.2715857,23863.23,10.34,1.053467,-0.123657,-0.031616,-2.998352,-1.152039,1.251221,0.0,0.0,0.0
2022-08-31 22:03:27.291868+00:00,1661983407.2918684,23863.25,10.346,1.05249,-0.122192,-0.024902,-3.02124,-1.152039,1.197815,0.0,0.0,0.0
2022-08-31 22:03:27.312212+00:00,1661983407.3122125,23863.27,10.343,1.052002,-0.122192,-0.025635,-2.990723,-1.167297,1.213074,0.0,0.0,0.0
2022-08-31 22:03:27.332515+00:00,1661983407.3325155,23863.29,10.352,1.054932,-0.124023,-0.027588,-2.998352,-1.243591,1.190186,0.0,0.0,0.0
2022-08-31 22:03:27.352826+00:00,1661983407.352826,23863.31,10.364,1.052856,-0.122314,-0.024902,-3.013611,-1.274109,1.197815,0.0,0.0,0.0
2022-08-31 22:03:27.373086+00:00,1661983407.3730865,23863.33,10.325,1.055298,-0.124146,-0.02832,-3.005981,-1.25885,1.167297,0.0,0.0,0.0
2022-08-31 22:03:27.393338+00:00,1661983407.393338,23863.35,10.34,1.052124,-0.123535,-0.032593,-2.967834,-1.296997,1.197815,0.0,0.0,0.0
2022-08-31 22:03:27.413615+00:00,1661983407.4136155,23863.37,10.352,1.05249,-0.123779,-0.028809,-2.975464,-1.197815,1.190186,0.0,0.0,0.0
2022-08-31 22:03:27.433898+00:00,1661983407.433898,23863.39,10.349,1.056641,-0.121826,-0.029663,-2.960205,-1.144409,1.167297,0.0,0.0,0.0
2022-08-31 22:03:27.454155+00:00,1661983407.4541552,23863.41,10.337,1.052734,-0.122681,-0.029053,-3.005981,-1.113892,1.197815,0.0,0.0,0.0
2022-08-31 22:03:27.474403+00:00,1661983407.4744031,23863.43,10.343,1.053223,-0.122681,-0.027222,-2.998352,-1.220703,1.174927,0.0,0.0,0.0
2022-08-31 22:03:27.494654+00:00,1661983407.494654,23863.45,10.349,1.052246,-0.125366,-0.025146,-3.02124,-1.220703,1.190186,0.0,0.0,0.0
2022-08-31 22:03:27.514906+00:00,1661983407.5149062,23863.47,10.337,1.051025,-0.124512,-0.026123,-2.998352,-1.235962,1.197815,0.0,0.0,0.0
2022-08-31 22:03:27.535310+00:00,1661983407.5353098,23863.49,10.325,1.053345,-0.121582,-0.026978,-3.051758,-1.243591,1.174927,0.0,0.0,0.0
2022-08-31 22:03:27.555639+00:00,1661983407.5556386,23863.51,10.343,1.053955,-0.122192,-0.030151,-2.990723,-1.266479,1.251221,0.0,0.0,0.0
2022-08-31 22:03:27.575914+00:00,1661983407.5759137,23863.53,10.31,1.049561,-0.124023,-0.030762,-2.998352,-1.205444,1.205444,0.0,0.0,0.0
2022-08-31 22:03:27.596169+00:00,1661983407.5961692,23863.55,10.352,1.050415,-0.121948,-0.032104,-2.960205,-1.213074,1.266479,0.0,0.0,0.0
2022-08-31 22:03:27.616416+00:00,1661983407.6164165,23863.58,10.358,1.052612,-0.12146,-0.030029,-2.990723,-1.12915,1.167297,0.0,0.0,0.0
2022-08-31 22:03:27.636727+00:00,1661983407.6367273,23863.6,10.343,1.055298,-0.121948,-0.030884,-3.02124,-1.152039,1.197815,0.0,0.0,0.0
2022-08-31 22:03:27.656976+00:00,1661983407.6569755,23863.62,10.37,1.053955,-0.124023,-0.025757,-2.960205,-1.190186,1.197815,0.0,0.0,0.0
2022-08-31 22:03:27.677216+00:00,1661983407.6772156,23863.64,10.331,1.05188,-0.121582,-0.025879,-2.975464,-1.228333,1.220703,0.0,0.0,0.0
2022-08-31 22:03:27.697458+00:00,1661983407.6974583,23863.66,10.349,1.053589,-0.120361,-0.024292,-2.990723,-1.197815,1.182556,0.0,0.0,0.0
2022-08-31 22:03:27.716659+00:00,1661983407.7166586,23863.68,10.325,1.052246,-0.122314,-0.029907,-2.967834,-1.274109,1.182556,0.0,0.0,0.0
2022-08-31 22:03:27.736937+00:00,1661983407.7369373,23863.7,10.361,1.052979,-0.123169,-0.029175,-3.02124,-1.190186,1.167297,0.0,0.0,0.0
2022-08-31 22:03:27.757194+00:00,1661983407.7571943,23863.72,10.331,1.052979,-0.123047,-0.028564,-2.990723,-1.220703,1.205444,0.0,0.0,0.0
2022-08-31 22:03:27.777441+00:00,1661983407.7774408,23863.74,10.343,1.052124,-0.124878,-0.032104,-3.036499,-1.174927,1.235962,0.0,0.0,0.0
2022-08-31 22:03:27.797700+00:00,1661983407.7977002,23863.76,10.364,1.053955,-0.123291,-0.031006,-2.983093,-1.121521,1.197815,0.0,0.0,0.0
2022-08-31 22:03:27.817949+00:00,1661983407.8179493,23863.78,10.355,1.050537,-0.121094,-0.028198,-2.952576,-1.190186,1.213074,0.0,0.0,0.0
2022-08-31 22:03:27.838228+00:00,1661983407.8382277,23863.8,10.34,1.052734,-0.124634,-0.025146,-2.983093,-1.167297,1.182556,0.0,0.0,0.0
2022-08-31 22:03:27.858481+00:00,1661983407.8584807,23863.82,10.322,1.052734,-0.124878,-0.02478,-2.990723,-1.197815,1.235962,0.0,0.0,0.0
2022-08-31 22:03:27.878738+00:00,1661983407.8787382,23863.84,10.343,1.05249,-0.122803,-0.026367,-2.990723,-1.220703,1.228333,0.0,0.0,0.0
2022-08-31 22:03:27.899059+00:00,1661983407.8990593,23863.86,10.364,1.051025,-0.125366,-0.02832,-3.02124,-1.274109,1.228333,0.0,0.0,0.0
2022-08-31 22:03:27.919322+00:00,1661983407.9193215,23863.88,10.346,1.055542,-0.12085,-0.031982,-3.013611,-1.228333,1.266479,0.0,0.0,0.0
2022-08-31 22:03:27.939578+00:00,1661983407.9395776,23863.9,10.34,1.051147,-0.122559,-0.029541,-3.036499,-1.197815,1.205444,0.0,0.0,0.0
2022-08-31 22:03:27.959829+00:00,1661983407.9598289,23863.92,10.331,1.052368,-0.12207,-0.029541,-3.067017,-1.213074,1.174927,0.0,0.0,0.0
2022-08-31 22:03:27.980081+00:00,1661983407.9800813,23863.94,10.358,1.049683,-0.122803,-0.029175,-2.952576,-1.159668,1.213074,0.0,0.0,0.0
2022-08-31 22:03:28.000334+00:00,1661983408.0003335,23863.96,10.352,1.053345,-0.123901,-0.026367,-3.013611,-1.12915,1.220703,0.0,0.0,0.0
2022-08-31 22:03:28.020633+00:00,1661983408.0206335,23863.98,10.34,1.051514,-0.121582,-0.026245,-3.005981,-1.182556,1.220703,0.0,0.0,0.0
2022-08-31 22:03:28.040890+00:00,1661983408.0408902,23864.0,10.352,1.052856,-0.122559,-0.026245,-3.02887,-1.205444,1.220703,0.0,0.0,0.0
2022-08-31 22:03:28.061154+00:00,1661983408.061154,23864.02,10.364,1.052734,-0.12146,-0.0271,-2.998352,-1.281738,1.190186,0.0,0.0,0.0
2022-08-31 22:03:28.081400+00:00,1661983408.0814004,23864.04,10.349,1.052979,-0.121582,-0.031128,-2.975464,-1.266479,1.235962,0.0,0.0,0.0
2022-08-31 22:03:28.101658+00:00,1661983408.1016583,23864.06,10.352,1.05542,-0.120728,-0.02832,-3.089905,-1.251221,1.235962,0.0,0.0,0.0
2022-08-31 22:03:28.121932+00:00,1661983408.1219318,23864.08,10.325,1.051147,-0.123169,-0.027832,-2.975464,-1.205444,1.228333,0.0,0.0,0.0
2022-08-31 22:03:28.142189+00:00,1661983408.1421893,23864.1,10.349,1.053101,-0.124756,-0.033203,-3.036499,-1.213074,1.159668,0.0,0.0,0.0
2022-08-31 22:03:28.162441+00:00,1661983408.162441,23864.12,10.343,1.055542,-0.121948,-0.027954,-3.051758,-1.152039,1.243591,0.0,0.0,0.0
2022-08-31 22:03:28.182687+00:00,1661983408.1826873,23864.14,10.379,1.053711,-0.12439,-0.028442,-3.02887,-1.174927,1.174927,0.0,0.0,0.0
2022-08-31 22:03:28.202934+00:00,1661983408.2029338,23864.16,10.349,1.052368,-0.122314,-0.02356,-3.036499,-1.25885,1.197815,0.0,0.0,0.0
2022-08-31 22:03:28.223203+00:00,1661983408.2232027,23864.18,10.349,1.052979,-0.12207,-0.024292,-3.044128,-1.25885,1.205444,0.0,0.0,0.0
2022-08-31 22:03:28.243459+00:00,1661983408.2434592,23864.2,10.364,1.052734,-0.122681,-0.025391,-3.059387,-1.296997,1.25885,0.0,0.0,0.0
2022-08-31 22:03:28.264996+00:00,1661983408.264996,23864.22,10.358,1.049316,-0.123291,-0.030762,-3.005981,-1.251221,1.228333,0.0,0.0,0.0
2022-08-31 22:03:28.285249+00:00,1661983408.2852488,23864.24,10.343,1.05481,-0.123779,-0.032349,-2.952576,-1.213074,1.167297,0.0,0.0,0.0
2022-08-31 22:03:28.305500+00:00,1661983408.3054998,23864.26,10.34,1.053955,-0.123169,-0.029053,-2.944946,-1.197815,1.228333,0.0,0.0,0.0
2022-08-31 22:03:28.325785+00:00,1661983408.3257854,23864.28,10.355,1.054199,-0.122192,-0.028564,-2.990723,-1.159668,1.197815,0.0,0.0,0.0
2022-08-31 22:03:28.344972+00:00,1661983408.3449724,23864.3,10.346,1.054443,-0.124268,-0.028442,-3.005981,-1.190186,1.174927,0.0,0.0,0.0
2022-08-31 22:03:28.365235+00:00,1661983408.3652349,23864.32,10.346,1.05542,-0.122925,-0.029053,-2.937317,-1.174927,1.197815,0.0,0.0,0.0
2022-08-31 22:03:28.385489+00:00,1661983408.3854895,23864.34,10.364,1.052612,-0.120605,-0.026001,-2.952576,-1.167297,1.197815,0.0,0.0,0.0
2022-08-31 22:03:28.405741+00:00,1661983408.4057407,23864.36,10.355,1.054443,-0.125,-0.028076,-2.960205,-1.228333,1.228333,0.0,0.0,0.0
2022-08-31 22:03:28.426024+00:00,1661983408.426024,23864.38,10.346,1.055298,-0.122314,-0.027954,-3.02887,-1.228333,1.174927,0.0,0.0,0.0
2022-08-31 22:03:28.446275+00:00,1661983408.446275,23864.4,10.337,1.052124,-0.121948,-0.028564,-3.02124,-1.25885,1.25885,0.0,0.0,0.0
2022-08-31 22:03:28.466580+00:00,1661983408.4665802,23864.43,10.349,1.054077,-0.124023,-0.02771,-3.02124,-1.197815,1.152039,0.0,0.0,0.0
2022-08-31 22:03:28.486974+00:00,1661983408.4869738,23864.45,10.358,1.053223,-0.12207,-0.029297,-2.952576,-1.152039,1.152039,0.0,0.0,0.0
2022-08-31 22:03:28.507277+00:00,1661983408.5072773,23864.47,10.334,1.051025,-0.121094,-0.0271,-3.067017,-1.159668,1.190186,0.0,0.0,0.0
2022-08-31 22:03:28.527573+00:00,1661983408.527573,23864.49,10.358,1.054199,-0.123535,-0.025391,-2.975464,-1.190186,1.197815,0.0,0.0,0.0
2022-08-31 22:03:28.547836+00:00,1661983408.547836,23864.51,10.337,1.051025,-0.121948,-0.026611,-2.967834,-1.205444,1.228333,0.0,0.0,0.0
2022-08-31 22:03:28.568089+00:00,1661983408.568089,23864.53,10.358,1.052246,-0.123169,-0.025269,-3.02887,-1.190186,1.152039,0.0,0.0,0.0
2022-08-31 22:03:28.588336+00:00,1661983408.5883355,23864.55,10.337,1.050903,-0.123657,-0.02771,-3.013611,-1.251221,1.228333,0.0,0.0,0.0
2022-08-31 22:03:28.608586+00:00,1661983408.6085863,23864.57,10.349,1.054565,-0.121826,-0.028442,-2.998352,-1.243591,1.220703,0.0,0.0,0.0
2022-08-31 22:03:28.628843+00:00,1661983408.628843,23864.59,10.355,1.050781,-0.120361,-0.028442,-2.914429,-1.243591,1.243591,0.0,0.0,0.0
2022-08-31 22:03:28.649093+00:00,1661983408.6490934,23864.61,10.349,1.05188,-0.120605,-0.032227,-3.02124,-1.228333,1.197815,0.0,0.0,0.0
2022-08-31 22:03:28.669346+00:00,1661983408.6693463,23864.63,10.343,1.053711,-0.126099,-0.027344,-2.983093,-1.213074,1.190186,0.0,0.0,0.0
2022-08-31 22:03:28.689589+00:00,1661983408.689589,23864.65,10.352,1.053101,-0.123291,-0.028442,-2.998352,-1.167297,1.197815,0.0,0.0,0.0
2022-08-31 22:03:28.709833+00:00,1661983408.709833,23864.67,10.352,1.054688,-0.125488,-0.026489,-3.036499,-1.190186,1.190186,0.0,0.0,0.0
2022-08-31 22:03:28.730078+00:00,1661983408.7300782,23864.69,10.367,1.050903,-0.122437,-0.027466,-2.983093,-1.152039,1.205444,0.0,0.0,0.0
2022-08-31 22:03:28.750326+00:00,1661983408.7503262,23864.71,10.388,1.054565,-0.122803,-0.030273,-3.02124,-1.228333,1.205444,0.0,0.0,0.0
2022-08-31 22:03:28.770573+00:00,1661983408.7705727,23864.73,10.337,1.052856,-0.12085,-0.028564,-2.998352,-1.251221,1.197815,0.0,0.0,0.0
2022-08-31 22:03:28.790817+00:00,1661983408.790817,23864.75,10.349,1.052002,-0.12085,-0.027344,-2.960205,-1.243591,1.220703,0.0,0.0,0.0
2022-08-31 22:03:28.811065+00:00,1661983408.8110647,23864.77,10.331,1.05188,-0.124268,-0.026611,-2.983093,-1.251221,1.205444,0.0,0.0,0.0
2022-08-31 22:03:28.831316+00:00,1661983408.8313155,23864.79,10.349,1.050659,-0.126465,-0.031128,-2.975464,-1.251221,1.266479,0.0,0.0,0.0
2022-08-31 22:03:28.851570+00:00,1661983408.85157,23864.81,10.364,1.050659,-0.123657,-0.032227,-3.051758,-1.228333,1.220703,0.0,0.0,0.0
2022-08-31 22:03:28.871816+00:00,1661983408.8718164,23864.83,10.364,1.056763,-0.122803,-0.029541,-2.998352,-1.159668,1.152039,0.0,0.0,0.0
2022-08-31 22:03:28.892085+00:00,1661983408.8920853,23864.85,10.367,1.04834,-0.120605,-0.029175,-3.02124,-1.228333,1.205444,0.0,0.0,0.0
2022-08-31 22:03:28.912330+00:00,1661983408.91233,23864.87,10.367,1.052612,-0.12085,-0.030273,-3.013611,-1.289368,1.213074,0.0,0.0,0.0
2022-08-31 22:03:28.932602+00:00,1661983408.9326017,23864.89,10.379,1.050171,-0.121338,-0.029663,-2.998352,-1.159668,1.235962,0.0,0.0,0.0
2022-08-31 22:03:28.952853+00:00,1661983408.9528534,23864.91,10.352,1.056152,-0.122925,-0.027222,-3.005981,-1.235962,1.197815,0.0,0.0,0.0
2022-08-31 22:03:28.973116+00:00,1661983408.973116,23864.93,10.34,1.055786,-0.122925,-0.028564,-3.005981,-1.213074,1.205444,0.0,0.0,0.0
2022-08-31 22:03:28.993410+00:00,1661983408.9934099,23864.95,10.355,1.05249,-0.125244,-0.031128,-3.013611,-1.235962,1.213074,0.0,0.0,0.0
2022-08-31 22:03:29.013665+00:00,1661983409.013665,23864.97,10.361,1.053345,-0.12439,-0.027344,-2.967834,-1.159668,1.228333,0.0,0.0,0.0
2022-08-31 22:03:29.033943+00:00,1661983409.0339434,23864.99,10.334,1.053589,-0.122803,-0.028442,-2.937317,-1.152039,1.235962,0.0,0.0,0.0
2022-08-31 22:03:29.054240+00:00,1661983409.0542402,23865.01,10.367,1.056763,-0.123779,-0.026001,-3.036499,-1.174927,1.190186,0.0,0.0,0.0
2022-08-31 22:03:29.074532+00:00,1661983409.074532,23865.03,10.349,1.053467,-0.121826,-0.028687,-3.074646,-1.205444,1.213074,0.0,0.0,0.0
2022-08-31 22:03:29.094833+00:00,1661983409.0948327,23865.05,10.349,1.054932,-0.119751,-0.026001,-2.944946,-1.220703,1.13678,0.0,0.0,0.0
2022-08-31 22:03:29.115102+00:00,1661983409.1151023,23865.07,10.358,1.051147,-0.123169,-0.028931,-2.998352,-1.213074,1.25885,0.0,0.0,0.0
2022-08-31 22:03:29.135384+00:00,1661983409.1353836,23865.09,10.346,1.051758,-0.122437,-0.029053,-3.005981,-1.25885,1.228333,0.0,0.0,0.0
2022-08-31 22:03:29.155638+00:00,1661983409.1556377,23865.11,10.361,1.056519,-0.123291,-0.031616,-2.960205,-1.182556,1.197815,0.0,0.0,0.0
2022-08-31 22:03:29.175888+00:00,1661983409.1758876,23865.13,10.334,1.052856,-0.123657,-0.03125,-3.074646,-1.174927,1.220703,0.0,0.0,0.0
2022-08-31 22:03:29.196132+00:00,1661983409.196132,23865.15,10.34,1.055176,-0.126587,-0.027954,-3.082275,-1.220703,1.25885,0.0,0.0,0.0
2022-08-31 22:03:29.216409+00:00,1661983409.2164092,23865.18,10.343,1.053101,-0.120605,-0.030273,-3.036499,-1.159668,1.205444,0.0,0.0,0.0
2022-08-31 22:03:29.236697+00:00,1661983409.2366967,23865.2,10.34,1.053345,-0.124146,-0.023804,-2.975464,-1.12915,1.243591,0.0,0.0,0.0
2022-08-31 22:03:29.256950+00:00,1661983409.2569497,23865.22,10.343,1.05127,-0.12439,-0.025146,-2.929688,-1.12915,1.174927,0.0,0.0,0.0
2022-08-31 22:03:29.277195+00:00,1661983409.2771952,23865.24,10.355,1.055176,-0.125244,-0.024658,-2.922058,-1.182556,1.235962,0.0,0.0,0.0
2022-08-31 22:03:29.297445+00:00,1661983409.2974446,23865.26,10.349,1.054077,-0.125,-0.028442,-3.02887,-1.243591,1.228333,0.0,0.0,0.0
2022-08-31 22:03:29.317707+00:00,1661983409.317707,23865.28,10.352,1.055542,-0.119873,-0.025513,-3.005981,-1.274109,1.190186,0.0,0.0,0.0
2022-08-31 22:03:29.337981+00:00,1661983409.3379815,23865.3,10.358,1.049561,-0.119873,-0.029785,-2.944946,-1.182556,1.251221,0.0,0.0,0.0
2022-08-31 22:03:29.358232+00:00,1661983409.3582315,23865.32,10.349,1.053223,-0.121826,-0.03186,-3.013611,-1.220703,1.174927,0.0,0.0,0.0
2022-08-31 22:03:29.378478+00:00,1661983409.3784778,23865.34,10.358,1.051147,-0.126465,-0.029907,-2.960205,-1.213074,1.190186,0.0,0.0,0.0
2022-08-31 22:03:29.398732+00:00,1661983409.398732,23865.36,10.343,1.051758,-0.127075,-0.026978,-3.051758,-1.220703,1.213074,0.0,0.0,0.0
2022-08-31 22:03:29.419020+00:00,1661983409.4190197,23865.38,10.364,1.058228,-0.122925,-0.026855,-3.02124,-1.197815,1.190186,0.0,0.0,0.0
2022-08-31 22:03:29.439304+00:00,1661983409.4393044,23865.4,10.334,1.056152,-0.121582,-0.025269,-3.013611,-1.220703,1.159668,0.0,0.0,0.0
2022-08-31 22:03:29.459562+00:00,1661983409.4595623,23865.42,10.376,1.056152,-0.117432,-0.024536,-2.960205,-1.235962,1.197815,0.0,0.0,0.0
2022-08-31 22:03:29.481095+00:00,1661983409.4810953,23865.44,10.358,1.055908,-0.125488,-0.027954,-2.891541,-1.205444,1.220703,0.0,0.0,0.0
2022-08-31 22:03:29.501368+00:00,1661983409.5013683,23865.46,10.352,1.055176,-0.126831,-0.028687,-3.120422,-1.197815,1.205444,0.0,0.0,0.0
2022-08-31 22:03:29.521627+00:00,1661983409.521627,23865.48,10.364,1.054443,-0.127441,-0.030396,-3.036499,-1.220703,1.220703,0.0,0.0,0.0
2022-08-31 22:03:29.541912+00:00,1661983409.5419123,23865.5,10.355,1.05603,-0.124146,-0.03064,-3.013611,-1.190186,1.190186,0.0,0.0,0.0
2022-08-31 22:03:29.562160+00:00,1661983409.5621605,23865.52,10.361,1.053711,-0.122559,-0.02832,-3.005981,-1.213074,1.205444,0.0,0.0,0.0
2022-08-31 22:03:29.582422+00:00,1661983409.5824215,23865.54,10.349,1.051514,-0.121338,-0.028809,-2.960205,-1.121521,1.235962,0.0,0.0,0.0
2022-08-31 22:03:29.601647+00:00,1661983409.6016467,23865.56,10.352,1.050415,-0.122559,-0.028809,-2.922058,-1.190186,1.213074,0.0,0.0,0.0
2022-08-31 22:03:29.621926+00:00,1661983409.6219258,23865.58,10.355,1.048706,-0.121704,-0.028564,-2.967834,-1.197815,1.190186,0.0,0.0,0.0
2022-08-31 22:03:29.642177+00:00,1661983409.6421769,23865.6,10.337,1.052124,-0.122314,-0.028564,-2.998352,-1.243591,1.167297,0.0,0.0,0.0
2022-08-31 22:03:29.662460+00:00,1661983409.66246,23865.62,10.346,1.051147,-0.123169,-0.027466,-2.975464,-1.243591,1.243591,0.0,0.0,0.0
2022-08-31 22:03:29.682719+00:00,1661983409.6827192,23865.64,10.334,1.057251,-0.124512,-0.029419,-2.983093,-1.251221,1.197815,0.0,0.0,0.0
2022-08-31 22:03:29.703046+00:00,1661983409.7030463,23865.66,10.358,1.057373,-0.124268,-0.026489,-2.975464,-1.251221,1.190186,0.0,0.0,0.0
2022-08-31 22:03:29.723308+00:00,1661983409.7233078,23865.68,10.358,1.056152,-0.12561,-0.026978,-2.990723,-1.167297,1.274109,0.0,0.0,0.0
2022-08-31 22:03:29.743617+00:00,1661983409.7436166,23865.7,10.361,1.052734,-0.122803,-0.030762,-2.952576,-1.159668,1.205444,0.0,0.0,0.0
2022-08-31 22:03:29.763872+00:00,1661983409.7638721,23865.72,10.331,1.054321,-0.121094,-0.030029,-3.051758,-1.12915,1.190186,0.0,0.0,0.0
2022-08-31 22:03:29.784120+00:00,1661983409.7841198,23865.74,10.349,1.04834,-0.120605,-0.028687,-2.983093,-1.152039,1.197815,0.0,0.0,0.0
2022-08-31 22:03:29.804367+00:00,1661983409.8043666,23865.76,10.352,1.051758,-0.117554,-0.025391,-3.02887,-1.251221,1.220703,0.0,0.0,0.0
2022-08-31 22:03:29.824612+00:00,1661983409.8246117,23865.78,10.346,1.052368,-0.119873,-0.025269,-2.952576,-1.235962,1.167297,0.0,0.0,0.0
2022-08-31 22:03:29.844889+00:00,1661983409.8448894,23865.8,10.319,1.05481,-0.121826,-0.027832,-3.036499,-1.235962,1.205444,0.0,0.0,0.0
2022-08-31 22:03:29.865138+00:00,1661983409.8651376,23865.82,10.364,1.053589,-0.122925,-0.026367,-3.005981,-1.312256,1.159668,0.0,0.0,0.0
2022-08-31 22:03:29.885384+00:00,1661983409.8853836,23865.84,10.337,1.055176,-0.125,-0.027954,-3.02124,-1.182556,1.197815,0.0,0.0,0.0
2022-08-31 22:03:29.905630+00:00,1661983409.9056299,23865.86,10.322,1.050537,-0.120239,-0.028931,-2.975464,-1.174927,1.228333,0.0,0.0,0.0
2022-08-31 22:03:29.925874+00:00,1661983409.9258735,23865.88,10.358,1.053467,-0.122681,-0.025146,-3.02887,-1.190186,1.205444,0.0,0.0,0.0
2022-08-31 22:03:29.946146+00:00,1661983409.9461455,23865.9,10.352,1.05603,-0.124512,-0.026489,-2.960205,-1.197815,1.220703,0.0,0.0,0.0
2022-08-31 22:03:29.966427+00:00,1661983409.966427,23865.93,10.355,1.056152,-0.124146,-0.024536,-2.952576,-1.121521,1.182556,0.0,0.0,0.0
2022-08-31 22:03:29.986715+00:00,1661983409.9867148,23865.95,10.361,1.058228,-0.122803,-0.022949,-3.02124,-1.243591,1.159668,0.0,0.0,0.0
2022-08-31 22:03:30.006985+00:00,1661983410.0069847,23865.97,10.346,1.05542,-0.122192,-0.026489,-3.02887,-1.197815,1.174927,0.0,0.0,0.0
2022-08-31 22:03:30.027233+00:00,1661983410.0272331,23865.99,10.346,1.056396,-0.124878,-0.026489,-3.059387,-1.197815,1.159668,0.0,0.0,0.0
2022-08-31 22:03:30.047515+00:00,1661983410.047515,23866.01,10.358,1.049194,-0.121338,-0.028442,-3.013611,-1.235962,1.182556,0.0,0.0,0.0
2022-08-31 22:03:30.067757+00:00,1661983410.0677567,23866.03,10.358,1.048584,-0.118774,-0.032227,-2.983093,-1.197815,1.235962,0.0,0.0,0.0
2022-08-31 22:03:30.088037+00:00,1661983410.0880365,23866.05,10.364,1.050659,-0.121216,-0.029907,-2.967834,-1.190186,1.205444,0.0,0.0,0.0
2022-08-31 22:03:30.108287+00:00,1661983410.1082873,23866.07,10.358,1.050659,-0.119873,-0.027588,-3.013611,-1.213074,1.228333,0.0,0.0,0.0
2022-08-31 22:03:30.128546+00:00,1661983410.1285462,23866.09,10.343,1.053467,-0.124146,-0.026367,-3.02124,-1.213074,1.228333,0.0,0.0,0.0
2022-08-31 22:03:30.148858+00:00,1661983410.1488578,23866.11,10.346,1.054688,-0.127563,-0.026855,-3.097534,-1.190186,1.197815,0.0,0.0,0.0
2022-08-31 22:03:30.169117+00:00,1661983410.1691167,23866.13,10.361,1.054565,-0.123657,-0.02417,-3.005981,-1.213074,1.205444,0.0,0.0,0.0
2022-08-31 22:03:30.189368+00:00,1661983410.1893685,23866.15,10.331,1.053833,-0.121948,-0.026855,-2.990723,-1.220703,1.167297,0.0,0.0,0.0
2022-08-31 22:03:30.209643+00:00,1661983410.2096434,23866.17,10.343,1.052734,-0.119629,-0.029419,-3.013611,-1.266479,1.159668,0.0,0.0,0.0
2022-08-31 22:03:30.229912+00:00,1661983410.2299123,23866.19,10.346,1.052734,-0.121216,-0.031128,-3.02124,-1.235962,1.205444,0.0,0.0,0.0
2022-08-31 22:03:30.250190+00:00,1661983410.25019,23866.21,10.34,1.049927,-0.122681,-0.031616,-3.005981,-1.243591,1.190186,0.0,0.0,0.0
2022-08-31 22:03:30.270448+00:00,1661983410.270448,23866.23,10.346,1.055542,-0.125488,-0.029419,-2.952576,-1.243591,1.228333,0.0,0.0,0.0
2022-08-31 22:03:30.290715+00:00,1661983410.290715,23866.25,10.355,1.053467,-0.124512,-0.029785,-3.02887,-1.243591,1.213074,0.0,0.0,0.0
2022-08-31 22:03:30.311011+00:00,1661983410.311011,23866.27,10.352,1.052368,-0.124268,-0.02771,-3.051758,-1.152039,1.190186,0.0,0.0,0.0
2022-08-31 22:03:30.331271+00:00,1661983410.3312712,23866.29,10.343,1.05188,-0.121948,-0.027588,-2.975464,-1.12915,1.213074,0.0,0.0,0.0
2022-08-31 22:03:30.351553+00:00,1661983410.3515527,23866.31,10.337,1.051392,-0.121826,-0.030518,-3.02887,-1.213074,1.205444,0.0,0.0,0.0
2022-08-31 22:03:30.373866+00:00,1661983410.3738658,23866.33,10.325,1.053955,-0.121338,-0.028931,-3.02887,-1.251221,1.197815,0.0,0.0,0.0
2022-08-31 22:03:30.392271+00:00,1661983410.3922708,23866.35,10.37,1.050537,-0.122314,-0.027344,-2.952576,-1.319885,1.213074,0.0,0.0,0.0
2022-08-31 22:03:30.412776+00:00,1661983410.4127758,23866.37,10.337,1.053955,-0.121826,-0.030396,-3.036499,-1.205444,1.182556,0.0,0.0,0.0
2022-08-31 22:03:30.433288+00:00,1661983410.4332883,23866.39,10.361,1.053955,-0.124512,-0.030884,-2.952576,-1.220703,1.213074,0.0,0.0,0.0
2022-08-31 22:03:30.453675+00:00,1661983410.453675,23866.41,10.349,1.057007,-0.124512,-0.026855,-2.983093,-1.174927,1.174927,0.0,0.0,0.0
2022-08-31 22:03:30.473988+00:00,1661983410.4739876,23866.43,10.34,1.053711,-0.122559,-0.027588,-3.036499,-1.190186,1.251221,0.0,0.0,0.0
2022-08-31 22:03:30.494259+00:00,1661983410.494259,23866.45,10.358,1.050659,-0.119629,-0.028442,-2.990723,-1.12915,1.190186,0.0,0.0,0.0
2022-08-31 22:03:30.514525+00:00,1661983410.5145252,23866.47,10.355,1.050049,-0.121094,-0.02771,-2.990723,-1.190186,1.228333,0.0,0.0,0.0
2022-08-31 22:03:30.534811+00:00,1661983410.5348115,23866.49,10.343,1.059082,-0.126465,-0.0271,-2.89917,-1.235962,1.159668,0.0,0.0,0.0
2022-08-31 22:03:30.555109+00:00,1661983410.5551088,23866.51,10.37,1.029663,-0.067871,-0.015381,-1.121521,-1.670837,1.098633,0.0,0.0,0.0
2022-08-31 22:03:30.575375+00:00,1661983410.5753746,23866.53,10.349,1.039673,-0.151001,0.009033,-0.610352,-1.609802,2.182007,0.0,0.0,0.0
2022-08-31 22:03:30.595631+00:00,1661983410.595631,23866.55,10.349,1.040405,-0.369263,0.007324,0.579834,-1.785278,2.113342,0.0,0.0,0.0
2022-08-31 22:03:30.615889+00:00,1661983410.6158888,23866.57,10.373,0.967041,-0.290039,-0.060669,-5.584717,-1.121521,1.25885,0.0,0.0,0.0
2022-08-31 22:03:30.636142+00:00,1661983410.6361425,23866.59,10.364,1.051147,-0.216309,-0.035278,-2.212524,-2.464294,0.717163,0.0,0.0,0.0
2022-08-31 22:03:30.656464+00:00,1661983410.6564643,23866.62,10.337,1.146851,-0.234131,-0.033081,-5.508423,-3.097534,1.586914,0.0,0.0,0.0
2022-08-31 22:03:30.676769+00:00,1661983410.6767688,23866.64,10.346,0.998413,-0.145142,-0.06543,-1.106262,-2.670288,1.319885,0.0,0.0,0.0
2022-08-31 22:03:30.697595+00:00,1661983410.6975951,23866.66,10.37,1.002686,-0.172852,0.025757,-1.976013,-2.319336,1.571655,0.0,0.0,0.0
2022-08-31 22:03:30.718202+00:00,1661983410.7182016,23866.68,10.334,0.940674,-0.469238,-0.074219,-4.53186,-1.472473,0.244141,0.0,0.0,0.0
2022-08-31 22:03:30.738720+00:00,1661983410.73872,23866.7,10.355,0.975952,-0.362183,-0.041992,-6.67572,-1.106262,0.823975,0.0,0.0,0.0
2022-08-31 22:03:30.759269+00:00,1661983410.7592688,23866.72,10.364,1.067139,-0.190674,-0.009888,-3.143311,-1.00708,0.610352,0.0,0.0,0.0
2022-08-31 22:03:30.779790+00:00,1661983410.7797902,23866.74,10.355,1.119385,-0.000854,-0.023315,-5.302429,-0.961304,1.220703,0.0,0.0,0.0
2022-08-31 22:03:30.800291+00:00,1661983410.8002906,23866.76,10.349,1.05127,-0.137207,-0.007202,-3.929138,-1.289368,1.586914,0.0,0.0,0.0
2022-08-31 22:03:30.820795+00:00,1661983410.8207953,23866.78,10.361,1.00293,-0.38623,-0.029663,-5.04303,-1.167297,0.686646,0.0,0.0,0.0
2022-08-31 22:03:30.841285+00:00,1661983410.8412852,23866.8,10.346,0.991943,-0.15979,-0.044678,-4.28009,-1.571655,0.305176,0.0,0.0,0.0
2022-08-31 22:03:30.859814+00:00,1661983410.8598142,23866.82,10.334,1.029175,-0.158691,-0.07666,-5.699158,-1.686096,0.846863,0.0,0.0,0.0
2022-08-31 22:03:30.879917+00:00,1661983410.8799174,23866.84,10.355,1.111938,-0.004028,-0.069946,-3.28064,-1.411438,0.289917,0.0,0.0,0.0
2022-08-31 22:03:30.899949+00:00,1661983410.899949,23866.86,10.34,1.08252,0.040283,-0.044067,-7.446289,-1.014709,1.12915,0.0,0.0,0.0
2022-08-31 22:03:30.920954+00:00,1661983410.9209535,23866.88,10.343,1.07605,-0.10144,-0.065796,-1.579285,-1.38092,1.243591,0.0,0.0,0.0
2022-08-31 22:03:30.941967+00:00,1661983410.9419672,23866.9,10.373,1.051147,-0.114746,-0.018799,-2.380371,-0.762939,1.182556,0.0,0.0,0.0
2022-08-31 22:03:30.962992+00:00,1661983410.9629917,23866.92,10.358,1.014893,-0.049316,-0.058228,-4.951477,-0.686646,0.823975,0.0,0.0,0.0
2022-08-31 22:03:30.984031+00:00,1661983410.9840314,23866.94,10.361,0.990234,0.078247,-0.050171,-4.936218,-1.144409,0.900269,0.0,0.0,0.0
2022-08-31 22:03:31.007152+00:00,1661983411.0071523,23866.97,10.346,1.067871,-0.156616,-0.062622,-1.342773,-1.182556,1.358032,0.0,0.0,0.0
2022-08-31 22:03:31.027734+00:00,1661983411.0277343,23866.99,10.346,1.133423,-0.19519,-0.001953,-3.814697,-1.655579,1.266479,0.0,0.0,0.0
2022-08-31 22:03:31.048045+00:00,1661983411.0480447,23867.01,10.34,1.020386,-0.202026,-0.009155,-3.746033,-1.457214,0.778198,0.0,0.0,0.0
2022-08-31 22:03:31.068324+00:00,1661983411.0683236,23867.03,10.361,1.026367,-0.099976,-0.008301,-4.043579,-1.304626,1.434326,0.0,0.0,0.0
2022-08-31 22:03:31.088597+00:00,1661983411.088597,23867.05,10.364,1.057739,-0.12915,-0.042358,-2.532959,-0.915527,0.862122,0.0,0.0,0.0
2022-08-31 22:03:31.108834+00:00,1661983411.1088336,23867.07,10.367,1.065674,-0.042358,-0.083618,-1.899719,-1.159668,1.403809,0.0,0.0,0.0
2022-08-31 22:03:31.129092+00:00,1661983411.1290917,23867.09,10.34,1.036743,-0.058594,-0.040039,-1.266479,-1.029968,1.396179,0.0,0.0,0.0
2022-08-31 22:03:31.149346+00:00,1661983411.149346,23867.11,10.358,1.009155,-0.145874,-0.041016,-4.608154,-1.159668,1.426697,0.0,0.0,0.0
2022-08-31 22:03:31.169605+00:00,1661983411.1696048,23867.13,10.37,1.100342,-0.157104,0.049072,-0.320435,-1.495361,0.968933,0.0,0.0,0.0
2022-08-31 22:03:31.189857+00:00,1661983411.1898575,23867.15,10.337,1.072388,-0.272705,0.012451,-3.303528,-0.823975,1.89209,0.0,0.0,0.0
2022-08-31 22:03:31.210107+00:00,1661983411.210107,23867.17,10.352,1.098267,0.059692,-0.044067,-3.15094,-1.594543,1.327515,0.0,0.0,0.0
2022-08-31 22:03:31.230357+00:00,1661983411.2303567,23867.19,10.346,0.993896,0.144287,-0.103271,1.609802,-1.426697,2.632141,0.0,0.0,0.0
2022-08-31 22:03:31.250603+00:00,1661983411.2506034,23867.21,10.358,1.097534,-0.227783,0.005127,-1.441956,-1.716614,1.190186,0.0,0.0,0.0
2022-08-31 22:03:31.270862+00:00,1661983411.270862,23867.23,10.349,1.014893,-0.340576,-0.023315,-6.17218,-1.335144,0.488281,0.0,0.0,0.0
2022-08-31 22:03:31.291113+00:00,1661983411.2911134,23867.25,10.349,1.040771,-0.186523,-0.053955,-5.325317,-1.00708,0.610352,0.0,0.0,0.0
2022-08-31 22:03:31.311363+00:00,1661983411.3113627,23867.27,10.349,1.054688,-0.00293,-0.04541,-1.831055,-1.014709,1.190186,0.0,0.0,0.0
2022-08-31 22:03:31.331637+00:00,1661983411.331637,23867.29,10.352,1.056274,-0.053101,-0.0448,-2.502441,-0.892639,1.495361,0.0,0.0,0.0
2022-08-31 22:03:31.351890+00:00,1661983411.35189,23867.31,10.355,1.067139,-0.081177,-0.030518,-1.937866,-1.205444,1.342773,0.0,0.0,0.0
2022-08-31 22:03:31.372146+00:00,1661983411.3721464,23867.33,10.361,1.046997,-0.13269,-0.026123,-2.464294,-0.991821,1.426697,0.0,0.0,0.0
2022-08-31 22:03:31.392393+00:00,1661983411.3923926,23867.35,10.349,1.055664,-0.180664,-0.017578,-3.40271,-1.266479,1.068115,0.0,0.0,0.0
2022-08-31 22:03:31.412642+00:00,1661983411.4126425,23867.37,10.349,1.036255,-0.177368,-0.020752,-4.53186,-1.098633,1.159668,0.0,0.0,0.0
2022-08-31 22:03:31.432887+00:00,1661983411.432887,23867.39,10.361,1.063721,-0.115479,-0.031006,-3.036499,-1.487732,1.197815,0.0,0.0,0.0
2022-08-31 22:03:31.453163+00:00,1661983411.4531631,23867.41,10.343,1.05249,-0.068604,-0.03833,-2.456665,-1.38092,1.266479,0.0,0.0,0.0
2022-08-31 22:03:31.473424+00:00,1661983411.4734237,23867.43,10.343,1.062012,-0.096924,-0.040161,-2.6474,-1.319885,1.312256,0.0,0.0,0.0
2022-08-31 22:03:31.493808+00:00,1661983411.4938078,23867.45,10.346,1.045532,-0.163574,-0.032837,-2.723694,-1.12915,1.190186,0.0,0.0,0.0
2022-08-31 22:03:31.514127+00:00,1661983411.5141273,23867.47,10.343,1.048462,-0.129883,-0.035767,-2.853394,-1.091003,0.984192,0.0,0.0,0.0
2022-08-31 22:03:31.534400+00:00,1661983411.5344005,23867.49,10.361,1.05957,-0.08252,-0.032593,-3.723145,-0.88501,1.029968,0.0,0.0,0.0
2022-08-31 22:03:31.554657+00:00,1661983411.5546567,23867.51,10.337,1.049438,-0.090576,-0.027222,-2.746582,-1.113892,1.266479,0.0,0.0,0.0
2022-08-31 22:03:31.574934+00:00,1661983411.5749338,23867.53,10.361,1.0625,-0.11084,-0.020996,-2.754211,-1.274109,1.457214,0.0,0.0,0.0
2022-08-31 22:03:31.595181+00:00,1661983411.5951812,23867.55,10.343,1.04541,-0.130371,-0.026001,-2.662659,-1.441956,1.266479,0.0,0.0,0.0
2022-08-31 22:03:31.615431+00:00,1661983411.6154306,23867.57,10.352,1.05481,-0.147095,-0.026001,-3.509521,-1.296997,1.228333,0.0,0.0,0.0
2022-08-31 22:03:31.635685+00:00,1661983411.6356854,23867.59,10.346,1.046997,-0.144287,-0.029053,-3.425598,-1.335144,1.182556,0.0,0.0,0.0
2022-08-31 22:03:31.655935+00:00,1661983411.6559353,23867.61,10.34,1.052368,-0.12085,-0.042847,-2.983093,-1.167297,1.106262,0.0,0.0,0.0
2022-08-31 22:03:31.676185+00:00,1661983411.676185,23867.63,10.352,1.056641,-0.102661,-0.040527,-2.799988,-1.182556,1.213074,0.0,0.0,0.0
2022-08-31 22:03:31.696473+00:00,1661983411.6964726,23867.66,10.37,1.053223,-0.11377,-0.034302,-2.868652,-1.052856,1.220703,0.0,0.0,0.0
2022-08-31 22:03:31.716752+00:00,1661983411.716752,23867.68,10.349,1.05481,-0.125122,-0.026245,-2.784729,-1.014709,1.152039,0.0,0.0,0.0
2022-08-31 22:03:31.737011+00:00,1661983411.7370107,23867.7,10.349,1.050415,-0.126343,-0.022949,-3.02124,-1.045227,1.159668,0.0,0.0,0.0
2022-08-31 22:03:31.757261+00:00,1661983411.7572606,23867.72,10.331,1.054321,-0.131104,-0.022217,-3.379822,-1.274109,1.296997,0.0,0.0,0.0
2022-08-31 22:03:31.777513+00:00,1661983411.7775133,23867.74,10.37,1.052124,-0.118286,-0.02356,-2.952576,-1.281738,1.213074,0.0,0.0,0.0
2022-08-31 22:03:31.797792+00:00,1661983411.797792,23867.76,10.355,1.059814,-0.113647,-0.027466,-3.204346,-1.335144,1.403809,0.0,0.0,0.0
2022-08-31 22:03:31.818047+00:00,1661983411.818047,23867.78,10.346,1.048828,-0.118164,-0.033569,-2.784729,-1.403809,1.304626,0.0,0.0,0.0
2022-08-31 22:03:31.838294+00:00,1661983411.8382938,23867.8,10.373,1.052612,-0.140381,-0.036133,-2.967834,-1.342773,1.274109,0.0,0.0,0.0
2022-08-31 22:03:31.858543+00:00,1661983411.8585434,23867.82,10.349,1.048218,-0.133301,-0.037842,-2.845764,-1.159668,1.159668,0.0,0.0,0.0
2022-08-31 22:03:31.878836+00:00,1661983411.8788364,23867.84,10.358,1.056641,-0.115479,-0.036987,-3.211975,-1.052856,1.113892,0.0,0.0,0.0
2022-08-31 22:03:31.899105+00:00,1661983411.8991053,23867.86,10.358,1.05249,-0.116821,-0.027466,-3.181458,-1.045227,1.13678,0.0,0.0,0.0
2022-08-31 22:03:31.919578+00:00,1661983411.919578,23867.88,10.379,1.053711,-0.117188,-0.025635,-2.731323,-1.091003,1.12915,0.0,0.0,0.0
2022-08-31 22:03:31.939900+00:00,1661983411.9399002,23867.9,10.364,1.055298,-0.118042,-0.023071,-3.02124,-1.312256,1.296997,0.0,0.0,0.0
2022-08-31 22:03:31.960158+00:00,1661983411.9601576,23867.92,10.358,1.050903,-0.123901,-0.022095,-3.036499,-1.312256,1.25885,0.0,0.0,0.0
2022-08-31 22:03:31.980413+00:00,1661983411.980413,23867.94,10.349,1.052246,-0.129639,-0.0271,-3.27301,-1.396179,1.335144,0.0,0.0,0.0
2022-08-31 22:03:32.000667+00:00,1661983412.000667,23867.96,10.361,1.053223,-0.123901,-0.033325,-2.861023,-1.358032,1.197815,0.0,0.0,0.0
2022-08-31 22:03:32.020938+00:00,1661983412.0209382,23867.98,10.343,1.05249,-0.119751,-0.037476,-3.105164,-1.304626,1.274109,0.0,0.0,0.0
2022-08-31 22:03:32.041198+00:00,1661983412.041198,23868.0,10.364,1.052856,-0.124268,-0.040894,-2.944946,-1.121521,1.235962,0.0,0.0,0.0
2022-08-31 22:03:32.061469+00:00,1661983412.0614686,23868.02,10.343,1.051025,-0.123169,-0.039062,-2.944946,-1.083374,1.174927,0.0,0.0,0.0
2022-08-31 22:03:32.081763+00:00,1661983412.0817633,23868.04,10.385,1.051758,-0.123901,-0.028809,-2.922058,-1.106262,1.045227,0.0,0.0,0.0
2022-08-31 22:03:32.102101+00:00,1661983412.1021013,23868.06,10.352,1.057007,-0.124878,-0.025391,-3.158569,-1.144409,1.159668,0.0,0.0,0.0
2022-08-31 22:03:32.122426+00:00,1661983412.1224258,23868.08,10.37,1.051636,-0.124756,-0.022583,-3.089905,-1.182556,1.13678,0.0,0.0,0.0
2022-08-31 22:03:32.142705+00:00,1661983412.142705,23868.1,10.34,1.056885,-0.115479,-0.0271,-2.89917,-1.266479,1.190186,0.0,0.0,0.0
2022-08-31 22:03:32.162998+00:00,1661983412.1629977,23868.12,10.34,1.049683,-0.119507,-0.03125,-3.143311,-1.38092,1.373291,0.0,0.0,0.0
2022-08-31 22:03:32.183294+00:00,1661983412.1832936,23868.14,10.352,1.053955,-0.126831,-0.033569,-2.868652,-1.358032,1.220703,0.0,0.0,0.0
2022-08-31 22:03:32.203581+00:00,1661983412.203581,23868.16,10.34,1.052124,-0.126587,-0.0354,-3.112793,-1.266479,1.38855,0.0,0.0,0.0
2022-08-31 22:03:32.223841+00:00,1661983412.223841,23868.18,10.349,1.052979,-0.128662,-0.03833,-3.089905,-1.159668,1.167297,0.0,0.0,0.0
2022-08-31 22:03:32.244099+00:00,1661983412.2440991,23868.2,10.37,1.052246,-0.124878,-0.032959,-2.990723,-1.106262,1.144409,0.0,0.0,0.0
2022-08-31 22:03:32.264379+00:00,1661983412.2643785,23868.22,10.352,1.053955,-0.123169,-0.027344,-3.02887,-1.121521,1.159668,0.0,0.0,0.0
2022-08-31 22:03:32.284632+00:00,1661983412.284632,23868.24,10.37,1.053711,-0.118896,-0.026245,-2.861023,-1.13678,1.083374,0.0,0.0,0.0
2022-08-31 22:03:32.304880+00:00,1661983412.30488,23868.26,10.361,1.052612,-0.119629,-0.026001,-3.044128,-1.13678,1.190186,0.0,0.0,0.0
2022-08-31 22:03:32.325129+00:00,1661983412.3251293,23868.28,10.349,1.051147,-0.121704,-0.021729,-3.02887,-1.266479,1.190186,0.0,0.0,0.0
2022-08-31 22:03:32.345373+00:00,1661983412.3453727,23868.3,10.346,1.056885,-0.115967,-0.031128,-2.861023,-1.350403,1.235962,0.0,0.0,0.0
2022-08-31 22:03:32.365651+00:00,1661983412.3656514,23868.32,10.364,1.053833,-0.119751,-0.033813,-3.105164,-1.335144,1.350403,0.0,0.0,0.0
2022-08-31 22:03:32.385899+00:00,1661983412.3858988,23868.34,10.349,1.049805,-0.122925,-0.035889,-2.891541,-1.243591,1.266479,0.0,0.0,0.0
2022-08-31 22:03:32.406145+00:00,1661983412.406145,23868.36,10.358,1.056885,-0.126221,-0.037476,-2.998352,-1.213074,1.235962,0.0,0.0,0.0
2022-08-31 22:03:32.426565+00:00,1661983412.4265652,23868.39,10.358,1.049927,-0.128296,-0.034058,-3.02124,-1.121521,1.182556,0.0,0.0,0.0
2022-08-31 22:03:32.446826+00:00,1661983412.4468262,23868.41,10.361,1.056641,-0.127075,-0.029907,-3.074646,-1.098633,1.113892,0.0,0.0,0.0
2022-08-31 22:03:32.467075+00:00,1661983412.4670749,23868.43,10.346,1.053589,-0.124023,-0.030396,-2.922058,-1.083374,1.182556,0.0,0.0,0.0
2022-08-31 22:03:32.487370+00:00,1661983412.4873705,23868.45,10.349,1.053589,-0.12146,-0.023926,-2.975464,-1.159668,1.091003,0.0,0.0,0.0
2022-08-31 22:03:32.507616+00:00,1661983412.5076158,23868.47,10.358,1.055298,-0.117188,-0.025879,-3.044128,-1.274109,1.182556,0.0,0.0,0.0
2022-08-31 22:03:32.527863+00:00,1661983412.5278625,23868.49,10.355,1.053101,-0.119629,-0.029175,-2.998352,-1.319885,1.220703,0.0,0.0,0.0
2022-08-31 22:03:32.548142+00:00,1661983412.5481422,23868.51,10.352,1.054199,-0.120728,-0.035156,-2.983093,-1.25885,1.243591,0.0,0.0,0.0
2022-08-31 22:03:32.568399+00:00,1661983412.5683994,23868.53,10.343,1.053467,-0.120361,-0.035645,-2.990723,-1.243591,1.289368,0.0,0.0,0.0
2022-08-31 22:03:32.588647+00:00,1661983412.5886474,23868.55,10.343,1.050903,-0.123169,-0.038696,-3.082275,-1.121521,1.235962,0.0,0.0,0.0
2022-08-31 22:03:32.608922+00:00,1661983412.608922,23868.57,10.376,1.05481,-0.127319,-0.030518,-2.975464,-1.106262,1.243591,0.0,0.0,0.0
2022-08-31 22:03:32.629176+00:00,1661983412.629176,23868.59,10.367,1.053223,-0.126099,-0.032471,-3.013611,-1.068115,1.197815,0.0,0.0,0.0
2022-08-31 22:03:32.649456+00:00,1661983412.649456,23868.61,10.355,1.053711,-0.125366,-0.023804,-2.914429,-1.144409,1.075745,0.0,0.0,0.0
2022-08-31 22:03:32.669709+00:00,1661983412.6697092,23868.63,10.373,1.055298,-0.123535,-0.025879,-3.067017,-1.235962,1.152039,0.0,0.0,0.0
2022-08-31 22:03:32.689979+00:00,1661983412.6899786,23868.65,10.361,1.050537,-0.121338,-0.02417,-2.967834,-1.296997,1.121521,0.0,0.0,0.0
2022-08-31 22:03:32.710276+00:00,1661983412.7102764,23868.67,10.337,1.054565,-0.11853,-0.025513,-3.067017,-1.335144,1.174927,0.0,0.0,0.0
2022-08-31 22:03:32.730540+00:00,1661983412.7305398,23868.69,10.37,1.051636,-0.121826,-0.03064,-3.036499,-1.266479,1.25885,0.0,0.0,0.0
2022-08-31 22:03:32.750822+00:00,1661983412.7508223,23868.71,10.349,1.053711,-0.118408,-0.033325,-2.929688,-1.266479,1.25885,0.0,0.0,0.0
2022-08-31 22:03:32.771076+00:00,1661983412.7710757,23868.73,10.358,1.053345,-0.125244,-0.038818,-3.074646,-1.243591,1.335144,0.0,0.0,0.0
2022-08-31 22:03:32.791330+00:00,1661983412.7913299,23868.75,10.352,1.050415,-0.125854,-0.035522,-2.998352,-1.113892,1.274109,0.0,0.0,0.0
2022-08-31 22:03:32.811608+00:00,1661983412.811608,23868.77,10.34,1.052368,-0.126343,-0.029907,-2.960205,-1.029968,1.197815,0.0,0.0,0.0
2022-08-31 22:03:32.831857+00:00,1661983412.831857,23868.79,10.373,1.053955,-0.125854,-0.028076,-2.990723,-1.13678,1.205444,0.0,0.0,0.0
2022-08-31 22:03:32.852121+00:00,1661983412.852121,23868.81,10.355,1.053833,-0.122681,-0.02478,-2.944946,-1.197815,1.113892,0.0,0.0,0.0
2022-08-31 22:03:32.872375+00:00,1661983412.8723748,23868.83,10.373,1.053223,-0.122437,-0.024658,-3.036499,-1.243591,1.12915,0.0,0.0,0.0
2022-08-31 22:03:32.892628+00:00,1661983412.8926284,23868.85,10.364,1.051514,-0.118774,-0.026489,-2.983093,-1.342773,1.167297,0.0,0.0,0.0
2022-08-31 22:03:32.912882+00:00,1661983412.9128819,23868.87,10.346,1.054199,-0.118774,-0.034424,-2.990723,-1.335144,1.197815,0.0,0.0,0.0
2022-08-31 22:03:32.933166+00:00,1661983412.9331656,23868.89,10.355,1.053589,-0.121826,-0.035645,-3.097534,-1.243591,1.281738,0.0,0.0,0.0
2022-08-31 22:03:32.953443+00:00,1661983412.953443,23868.91,10.361,1.050415,-0.121338,-0.035767,-2.944946,-1.197815,1.228333,0.0,0.0,0.0
2022-08-31 22:03:32.973694+00:00,1661983412.9736943,23868.93,10.337,1.054077,-0.122192,-0.033447,-3.02887,-1.159668,1.304626,0.0,0.0,0.0
2022-08-31 22:03:32.993938+00:00,1661983412.993938,23868.95,10.352,1.050659,-0.127319,-0.033569,-3.013611,-1.159668,1.243591,0.0,0.0,0.0
2022-08-31 22:03:33.014191+00:00,1661983413.014191,23868.97,10.343,1.054932,-0.126343,-0.029541,-2.990723,-1.106262,1.190186,0.0,0.0,0.0
2022-08-31 22:03:33.034443+00:00,1661983413.034443,23868.99,10.355,1.05188,-0.125854,-0.027466,-2.952576,-1.197815,1.220703,0.0,0.0,0.0
2022-08-31 22:03:33.054717+00:00,1661983413.0547166,23869.01,10.355,1.053223,-0.122192,-0.026733,-2.944946,-1.274109,1.159668,0.0,0.0,0.0
2022-08-31 22:03:33.074976+00:00,1661983413.074976,23869.03,10.358,1.054321,-0.118652,-0.026611,-2.952576,-1.350403,1.144409,0.0,0.0,0.0
2022-08-31 22:03:33.095224+00:00,1661983413.095224,23869.05,10.376,1.052612,-0.121948,-0.030518,-3.105164,-1.312256,1.182556,0.0,0.0,0.0
2022-08-31 22:03:33.115457+00:00,1661983413.1154566,23869.07,10.37,1.054443,-0.121216,-0.03418,-2.998352,-1.243591,1.235962,0.0,0.0,0.0
2022-08-31 22:03:33.135919+00:00,1661983413.135919,23869.09,10.352,1.054443,-0.121826,-0.033325,-3.02887,-1.13678,1.220703,0.0,0.0,0.0
2022-08-31 22:03:33.156230+00:00,1661983413.1562304,23869.11,10.37,1.051636,-0.123779,-0.036499,-2.967834,-1.12915,1.350403,0.0,0.0,0.0
2022-08-31 22:03:33.176581+00:00,1661983413.176581,23869.14,10.373,1.052734,-0.122925,-0.031616,-2.990723,-1.045227,1.235962,0.0,0.0,0.0
2022-08-31 22:03:33.196833+00:00,1661983413.1968334,23869.16,10.364,1.050415,-0.126343,-0.028931,-3.02124,-1.121521,1.213074,0.0,0.0,0.0
2022-08-31 22:03:33.217086+00:00,1661983413.2170858,23869.18,10.37,1.053833,-0.124023,-0.023315,-2.906799,-1.144409,1.144409,0.0,0.0,0.0
2022-08-31 22:03:33.237354+00:00,1661983413.2373536,23869.2,10.367,1.05249,-0.123901,-0.029053,-3.059387,-1.197815,1.182556,0.0,0.0,0.0
2022-08-31 22:03:33.257636+00:00,1661983413.2576356,23869.22,10.349,1.052612,-0.121704,-0.02771,-3.02124,-1.312256,1.121521,0.0,0.0,0.0
2022-08-31 22:03:33.277893+00:00,1661983413.2778933,23869.24,10.367,1.055786,-0.11853,-0.031494,-3.036499,-1.327515,1.190186,0.0,0.0,0.0
2022-08-31 22:03:33.298150+00:00,1661983413.29815,23869.26,10.358,1.05542,-0.119629,-0.0354,-3.013611,-1.251221,1.205444,0.0,0.0,0.0
2022-08-31 22:03:33.318433+00:00,1661983413.3184333,23869.28,10.361,1.053833,-0.119385,-0.034424,-2.944946,-1.182556,1.243591,0.0,0.0,0.0
2022-08-31 22:03:33.338696+00:00,1661983413.3386955,23869.3,10.376,1.051636,-0.123291,-0.035034,-3.067017,-1.13678,1.25885,0.0,0.0,0.0
2022-08-31 22:03:33.358958+00:00,1661983413.358958,23869.32,10.358,1.051636,-0.12793,-0.031006,-2.998352,-1.075745,1.251221,0.0,0.0,0.0
2022-08-31 22:03:33.377337+00:00,1661983413.3773365,23869.34,10.349,1.05603,-0.126343,-0.027588,-3.005981,-1.106262,1.235962,0.0,0.0,0.0
2022-08-31 22:03:33.397823+00:00,1661983413.3978229,23869.36,10.349,1.052856,-0.126709,-0.02832,-2.983093,-1.190186,1.197815,0.0,0.0,0.0
2022-08-31 22:03:33.418310+00:00,1661983413.4183102,23869.38,10.364,1.052734,-0.12439,-0.026978,-2.967834,-1.167297,1.083374,0.0,0.0,0.0
2022-08-31 22:03:33.438791+00:00,1661983413.4387913,23869.4,10.367,1.055298,-0.12085,-0.027832,-2.960205,-1.312256,1.144409,0.0,0.0,0.0
2022-08-31 22:03:33.459279+00:00,1661983413.4592788,23869.42,10.358,1.052979,-0.121094,-0.028931,-2.975464,-1.312256,1.144409,0.0,0.0,0.0
2022-08-31 22:03:33.481772+00:00,1661983413.481772,23869.44,10.364,1.056396,-0.117554,-0.03772,-2.967834,-1.243591,1.167297,0.0,0.0,0.0
2022-08-31 22:03:33.500128+00:00,1661983413.5001278,23869.46,10.361,1.050537,-0.12085,-0.03418,-3.036499,-1.213074,1.289368,0.0,0.0,0.0
2022-08-31 22:03:33.520607+00:00,1661983413.5206075,23869.48,10.361,1.053345,-0.122681,-0.037231,-2.975464,-1.167297,1.174927,0.0,0.0,0.0
2022-08-31 22:03:33.541083+00:00,1661983413.5410826,23869.5,10.364,1.053345,-0.123779,-0.031616,-3.036499,-1.12915,1.281738,0.0,0.0,0.0
2022-08-31 22:03:33.561592+00:00,1661983413.5615916,23869.52,10.331,1.051636,-0.125854,-0.02832,-2.998352,-1.205444,1.25885,0.0,0.0,0.0
2022-08-31 22:03:33.582085+00:00,1661983413.582085,23869.54,10.34,1.053223,-0.126465,-0.026855,-2.975464,-1.152039,1.228333,0.0,0.0,0.0
2022-08-31 22:03:33.602589+00:00,1661983413.602589,23869.56,10.352,1.054688,-0.125,-0.026855,-2.990723,-1.213074,1.182556,0.0,0.0,0.0
2022-08-31 22:03:33.623073+00:00,1661983413.6230726,23869.58,10.355,1.051636,-0.125,-0.029419,-2.952576,-1.319885,1.144409,0.0,0.0,0.0
2022-08-31 22:03:33.643556+00:00,1661983413.643556,23869.6,10.346,1.054443,-0.12207,-0.031616,-2.998352,-1.319885,1.152039,0.0,0.0,0.0
2022-08-31 22:03:33.664092+00:00,1661983413.664092,23869.62,10.355,1.05188,-0.120117,-0.036865,-3.044128,-1.243591,1.174927,0.0,0.0,0.0
2022-08-31 22:03:33.684581+00:00,1661983413.6845808,23869.64,10.361,1.054321,-0.119507,-0.035767,-2.960205,-1.235962,1.167297,0.0,0.0,0.0
2022-08-31 22:03:33.705075+00:00,1661983413.7050748,23869.66,10.373,1.053833,-0.122314,-0.031616,-3.005981,-1.197815,1.304626,0.0,0.0,0.0
2022-08-31 22:03:33.725581+00:00,1661983413.7255807,23869.68,10.367,1.054321,-0.122437,-0.029663,-2.944946,-1.113892,1.251221,0.0,0.0,0.0
2022-08-31 22:03:33.746054+00:00,1661983413.7460542,23869.7,10.367,1.055054,-0.12439,-0.030884,-2.983093,-1.060486,1.251221,0.0,0.0,0.0
2022-08-31 22:03:33.766540+00:00,1661983413.76654,23869.73,10.349,1.052368,-0.128052,-0.024658,-3.02124,-1.159668,1.274109,0.0,0.0,0.0
2022-08-31 22:03:33.787023+00:00,1661983413.7870233,23869.75,10.346,1.052002,-0.125366,-0.026001,-2.960205,-1.296997,1.152039,0.0,0.0,0.0
2022-08-31 22:03:33.807515+00:00,1661983413.8075151,23869.77,10.37,1.053101,-0.12439,-0.032227,-3.02124,-1.281738,1.12915,0.0,0.0,0.0
2022-08-31 22:03:33.828029+00:00,1661983413.828029,23869.79,10.379,1.048462,-0.122559,-0.032837,-2.990723,-1.25885,1.167297,0.0,0.0,0.0
2022-08-31 22:03:33.848512+00:00,1661983413.8485122,23869.81,10.349,1.054565,-0.121582,-0.034546,-2.975464,-1.243591,1.213074,0.0,0.0,0.0
2022-08-31 22:03:33.868995+00:00,1661983413.8689947,23869.83,10.358,1.054077,-0.117432,-0.035522,-3.013611,-1.220703,1.190186,0.0,0.0,0.0
2022-08-31 22:03:33.889500+00:00,1661983413.8894997,23869.85,10.373,1.054565,-0.119873,-0.0354,-3.005981,-1.167297,1.228333,0.0,0.0,0.0
2022-08-31 22:03:33.910034+00:00,1661983413.9100344,23869.87,10.379,1.054565,-0.120361,-0.032471,-2.967834,-1.167297,1.312256,0.0,0.0,0.0
2022-08-31 22:03:33.930526+00:00,1661983413.9305258,23869.89,10.373,1.052246,-0.131714,-0.031982,-2.967834,-1.174927,1.304626,0.0,0.0,0.0
2022-08-31 22:03:33.951006+00:00,1661983413.951006,23869.91,10.337,1.051636,-0.133179,-0.024902,-2.998352,-1.235962,1.266479,0.0,0.0,0.0
2022-08-31 22:03:33.971480+00:00,1661983413.9714797,23869.93,10.37,1.057983,-0.128662,-0.02356,-2.746582,-1.274109,1.197815,0.0,0.0,0.0
2022-08-31 22:03:33.991959+00:00,1661983413.9919593,23869.95,10.34,1.051514,-0.112061,-0.025757,-2.799988,-1.312256,1.12915,0.0,0.0,0.0
2022-08-31 22:03:34.012435+00:00,1661983414.012435,23869.97,10.364,1.05542,-0.129761,-0.027954,-3.27301,-1.144409,1.243591,0.0,0.0,0.0
2022-08-31 22:03:34.032911+00:00,1661983414.0329108,23869.99,10.361,1.051392,-0.127319,-0.032593,-2.807617,-1.274109,1.060486,0.0,0.0,0.0
2022-08-31 22:03:34.053402+00:00,1661983414.053402,23870.01,10.358,1.054077,-0.11792,-0.034546,-2.944946,-1.266479,1.152039,0.0,0.0,0.0
2022-08-31 22:03:34.073878+00:00,1661983414.0738778,23870.03,10.376,1.055298,-0.113403,-0.034058,-3.089905,-1.197815,1.243591,0.0,0.0,0.0
2022-08-31 22:03:34.094353+00:00,1661983414.0943532,23870.05,10.394,1.052124,-0.121826,-0.030029,-3.074646,-1.106262,1.312256,0.0,0.0,0.0
2022-08-31 22:03:34.114832+00:00,1661983414.1148322,23870.07,10.358,1.053467,-0.126343,-0.028564,-2.822876,-1.174927,1.289368,0.0,0.0,0.0
2022-08-31 22:03:34.135314+00:00,1661983414.135314,23870.09,10.349,1.053223,-0.12561,-0.028198,-3.074646,-1.243591,1.243591,0.0,0.0,0.0
2022-08-31 22:03:34.155807+00:00,1661983414.1558065,23870.11,10.349,1.052734,-0.123901,-0.024048,-3.051758,-1.228333,1.205444,0.0,0.0,0.0
2022-08-31 22:03:34.176280+00:00,1661983414.17628,23870.13,10.367,1.053101,-0.126465,-0.026001,-2.922058,-1.243591,1.235962,0.0,0.0,0.0
2022-08-31 22:03:34.198803+00:00,1661983414.1988032,23870.16,10.352,1.052124,-0.122437,-0.03186,-2.975464,-1.235962,1.167297,0.0,0.0,0.0
2022-08-31 22:03:34.217119+00:00,1661983414.2171195,23870.18,10.361,1.051758,-0.12439,-0.033203,-2.967834,-1.243591,1.213074,0.0,0.0,0.0
2022-08-31 22:03:34.237595+00:00,1661983414.237595,23870.2,10.364,1.049316,-0.118896,-0.029297,-2.967834,-1.220703,1.182556,0.0,0.0,0.0
2022-08-31 22:03:34.258075+00:00,1661983414.2580755,23870.22,10.358,1.054321,-0.117798,-0.032227,-2.89917,-1.152039,1.174927,0.0,0.0,0.0
2022-08-31 22:03:34.278589+00:00,1661983414.2785888,23870.24,10.352,1.054932,-0.115356,-0.03479,-3.196716,-1.12915,1.274109,0.0,0.0,0.0
2022-08-31 22:03:34.299067+00:00,1661983414.2990665,23870.26,10.379,1.053833,-0.126099,-0.026001,-3.02887,-1.197815,1.25885,0.0,0.0,0.0
2022-08-31 22:03:34.319552+00:00,1661983414.3195517,23870.28,10.37,1.054321,-0.121948,-0.028442,-2.853394,-1.205444,1.243591,0.0,0.0,0.0
2022-08-31 22:03:34.340052+00:00,1661983414.3400521,23870.3,10.379,1.052734,-0.12085,-0.024048,-3.089905,-1.205444,1.281738,0.0,0.0,0.0
2022-08-31 22:03:34.360531+00:00,1661983414.360531,23870.32,10.367,1.052002,-0.124756,-0.028076,-3.074646,-1.289368,1.182556,0.0,0.0,0.0
2022-08-31 22:03:34.383426+00:00,1661983414.3834262,23870.34,10.382,1.049438,-0.129761,-0.030029,-3.082275,-1.266479,1.182556,0.0,0.0,0.0
2022-08-31 22:03:34.403979+00:00,1661983414.4039793,23870.36,10.358,1.056274,-0.123291,-0.034302,-2.838135,-1.243591,1.121521,0.0,0.0,0.0
2022-08-31 22:03:34.424468+00:00,1661983414.4244676,23870.38,10.346,1.052612,-0.116455,-0.031982,-2.998352,-1.13678,1.197815,0.0,0.0,0.0
2022-08-31 22:03:34.444971+00:00,1661983414.444971,23870.4,10.37,1.050659,-0.12439,-0.032593,-3.143311,-1.174927,1.13678,0.0,0.0,0.0
2022-08-31 22:03:34.465469+00:00,1661983414.4654686,23870.42,10.364,1.052612,-0.122314,-0.02832,-2.876282,-1.174927,1.220703,0.0,0.0,0.0
2022-08-31 22:03:34.486009+00:00,1661983414.486009,23870.44,10.358,1.05188,-0.119751,-0.031738,-2.990723,-1.159668,1.274109,0.0,0.0,0.0
2022-08-31 22:03:34.506581+00:00,1661983414.5065806,23870.47,10.364,1.052734,-0.118286,-0.027344,-2.960205,-1.190186,1.251221,0.0,0.0,0.0
2022-08-31 22:03:34.524610+00:00,1661983414.5246103,23870.48,10.355,1.052979,-0.123169,-0.026978,-3.044128,-1.144409,1.243591,0.0,0.0,0.0
2022-08-31 22:03:34.545651+00:00,1661983414.5456512,23870.5,10.364,1.05249,-0.126831,-0.031494,-2.975464,-1.266479,1.182556,0.0,0.0,0.0
2022-08-31 22:03:34.566706+00:00,1661983414.566706,23870.53,10.37,1.051758,-0.122437,-0.032471,-2.883911,-1.213074,1.197815,0.0,0.0,0.0
2022-08-31 22:03:34.587735+00:00,1661983414.5877354,23870.55,10.355,1.052979,-0.126099,-0.033081,-3.067017,-1.335144,1.197815,0.0,0.0,0.0
2022-08-31 22:03:34.608267+00:00,1661983414.6082666,23870.57,10.388,1.053345,-0.124023,-0.035278,-2.876282,-1.152039,1.144409,0.0,0.0,0.0
2022-08-31 22:03:34.628782+00:00,1661983414.6287818,23870.59,10.361,1.054565,-0.12146,-0.028198,-3.02124,-1.190186,1.205444,0.0,0.0,0.0
2022-08-31 22:03:34.649336+00:00,1661983414.6493359,23870.61,10.337,1.055176,-0.123535,-0.028564,-2.960205,-1.190186,1.182556,0.0,0.0,0.0
2022-08-31 22:03:34.669847+00:00,1661983414.6698475,23870.63,10.37,1.053833,-0.120483,-0.02771,-2.990723,-1.190186,1.220703,0.0,0.0,0.0
2022-08-31 22:03:34.690363+00:00,1661983414.6903627,23870.65,10.358,1.053345,-0.122559,-0.028809,-2.975464,-1.182556,1.319885,0.0,0.0,0.0
2022-08-31 22:03:34.710845+00:00,1661983414.7108445,23870.67,10.355,1.049194,-0.121338,-0.030396,-2.891541,-1.251221,1.228333,0.0,0.0,0.0
2022-08-31 22:03:34.731327+00:00,1661983414.7313268,23870.69,10.361,1.05188,-0.125488,-0.030518,-3.105164,-1.243591,1.243591,0.0,0.0,0.0
2022-08-31 22:03:34.751817+00:00,1661983414.7518167,23870.71,10.373,1.051147,-0.123413,-0.033325,-2.983093,-1.289368,1.174927,0.0,0.0,0.0
2022-08-31 22:03:34.772323+00:00,1661983414.7723227,23870.73,10.361,1.05481,-0.122192,-0.033203,-3.013611,-1.243591,1.213074,0.0,0.0,0.0
2022-08-31 22:03:34.792805+00:00,1661983414.7928052,23870.75,10.361,1.05188,-0.122437,-0.030762,-3.036499,-1.213074,1.159668,0.0,0.0,0.0
2022-08-31 22:03:34.813284+00:00,1661983414.8132837,23870.77,10.37,1.053955,-0.121704,-0.033813,-2.944946,-1.182556,1.159668,0.0,0.0,0.0
2022-08-31 22:03:34.833758+00:00,1661983414.8337584,23870.79,10.346,1.055664,-0.124023,-0.025391,-2.998352,-1.190186,1.167297,0.0,0.0,0.0
2022-08-31 22:03:34.854232+00:00,1661983414.8542323,23870.81,10.352,1.051147,-0.122681,-0.029053,-2.967834,-1.182556,1.197815,0.0,0.0,0.0
2022-08-31 22:03:34.874771+00:00,1661983414.8747714,23870.83,10.358,1.054077,-0.122437,-0.026733,-2.990723,-1.159668,1.197815,0.0,0.0,0.0
2022-08-31 22:03:34.895254+00:00,1661983414.8952544,23870.85,10.358,1.054443,-0.124878,-0.029175,-2.960205,-1.220703,1.281738,0.0,0.0,0.0
2022-08-31 22:03:34.915726+00:00,1661983414.9157264,23870.87,10.364,1.050171,-0.122681,-0.032104,-2.960205,-1.312256,1.205444,0.0,0.0,0.0
2022-08-31 22:03:34.936211+00:00,1661983414.9362113,23870.89,10.361,1.054199,-0.123413,-0.029419,-3.02887,-1.205444,1.228333,0.0,0.0,0.0
2022-08-31 22:03:34.956769+00:00,1661983414.956769,23870.92,10.37,1.055664,-0.125366,-0.036255,-3.02887,-1.213074,1.220703,0.0,0.0,0.0
2022-08-31 22:03:34.977260+00:00,1661983414.9772604,23870.94,10.373,1.053101,-0.126343,-0.035767,-2.990723,-1.12915,1.167297,0.0,0.0,0.0
2022-08-31 22:03:34.999795+00:00,1661983414.9997952,23870.96,10.364,1.052856,-0.121826,-0.03064,-2.975464,-1.197815,1.197815,0.0,0.0,0.0
2022-08-31 22:03:35.018164+00:00,1661983415.0181642,23870.98,10.379,1.054443,-0.121094,-0.026001,-3.036499,-1.13678,1.251221,0.0,0.0,0.0
2022-08-31 22:03:35.038658+00:00,1661983415.038658,23871.0,10.346,1.054565,-0.120239,-0.028809,-2.967834,-1.190186,1.190186,0.0,0.0,0.0
2022-08-31 22:03:35.059145+00:00,1661983415.0591455,23871.02,10.37,1.054321,-0.123535,-0.032104,-3.005981,-1.220703,1.266479,0.0,0.0,0.0
2022-08-31 22:03:35.079653+00:00,1661983415.079653,23871.04,10.358,1.055054,-0.122925,-0.033691,-2.952576,-1.281738,1.205444,0.0,0.0,0.0
2022-08-31 22:03:35.102220+00:00,1661983415.1022203,23871.06,10.364,1.05249,-0.122559,-0.031006,-2.967834,-1.312256,1.197815,0.0,0.0,0.0
2022-08-31 22:03:35.120577+00:00,1661983415.1205769,23871.08,10.358,1.053589,-0.124268,-0.031982,-3.005981,-1.274109,1.197815,0.0,0.0,0.0
2022-08-31 22:03:35.140855+00:00,1661983415.1408548,23871.1,10.346,1.052002,-0.124023,-0.030396,-3.082275,-1.174927,1.235962,0.0,0.0,0.0
2022-08-31 22:03:35.161738+00:00,1661983415.161738,23871.12,10.376,1.056885,-0.126831,-0.028931,-2.998352,-1.25885,1.190186,0.0,0.0,0.0
2022-08-31 22:03:35.181112+00:00,1661983415.1811123,23871.14,10.355,1.05249,-0.12207,-0.030396,-2.914429,-1.152039,1.152039,0.0,0.0,0.0
2022-08-31 22:03:35.203132+00:00,1661983415.2031322,23871.16,10.385,1.05249,-0.120117,-0.030029,-2.998352,-1.190186,1.152039,0.0,0.0,0.0
2022-08-31 22:03:35.221834+00:00,1661983415.2218342,23871.18,10.376,1.052979,-0.123413,-0.027344,-3.013611,-1.167297,1.167297,0.0,0.0,0.0
2022-08-31 22:03:35.242364+00:00,1661983415.242364,23871.2,10.388,1.053467,-0.124023,-0.028809,-2.967834,-1.190186,1.220703,0.0,0.0,0.0
2022-08-31 22:03:35.262742+00:00,1661983415.262742,23871.22,10.355,1.051636,-0.124756,-0.031372,-3.013611,-1.25885,1.228333,0.0,0.0,0.0
2022-08-31 22:03:35.283642+00:00,1661983415.2836418,23871.24,10.364,1.052856,-0.122437,-0.032104,-3.02887,-1.205444,1.213074,0.0,0.0,0.0
2022-08-31 22:03:35.304600+00:00,1661983415.3046,23871.26,10.349,1.050049,-0.125366,-0.033936,-3.051758,-1.213074,1.197815,0.0,0.0,0.0
2022-08-31 22:03:35.325526+00:00,1661983415.325526,23871.28,10.385,1.05127,-0.124512,-0.03125,-2.983093,-1.159668,1.197815,0.0,0.0,0.0
2022-08-31 22:03:35.346424+00:00,1661983415.346424,23871.31,10.382,1.053955,-0.125,-0.032959,-2.975464,-1.228333,1.167297,0.0,0.0,0.0
2022-08-31 22:03:35.367447+00:00,1661983415.367447,23871.33,10.364,1.052368,-0.123901,-0.030029,-2.983093,-1.159668,1.167297,0.0,0.0,0.0
2022-08-31 22:03:35.390042+00:00,1661983415.3900418,23871.35,10.358,1.052002,-0.12207,-0.029541,-2.952576,-1.197815,1.190186,0.0,0.0,0.0
2022-08-31 22:03:35.408394+00:00,1661983415.4083943,23871.37,10.361,1.051758,-0.119263,-0.028076,-2.937317,-1.159668,1.197815,0.0,0.0,0.0
2022-08-31 22:03:35.428896+00:00,1661983415.428896,23871.39,10.367,1.054077,-0.122559,-0.028687,-2.937317,-1.220703,1.266479,0.0,0.0,0.0
2022-08-31 22:03:35.449392+00:00,1661983415.449392,23871.41,10.37,1.051514,-0.119141,-0.027832,-3.013611,-1.220703,1.251221,0.0,0.0,0.0
2022-08-31 22:03:35.469946+00:00,1661983415.4699464,23871.43,10.379,1.05249,-0.125366,-0.029907,-3.005981,-1.266479,1.296997,0.0,0.0,0.0
2022-08-31 22:03:35.493110+00:00,1661983415.4931102,23871.45,10.352,1.050781,-0.123291,-0.033813,-2.983093,-1.281738,1.205444,0.0,0.0,0.0
2022-08-31 22:03:35.511768+00:00,1661983415.511768,23871.47,10.361,1.053223,-0.125488,-0.028687,-3.013611,-1.25885,1.235962,0.0,0.0,0.0
2022-08-31 22:03:35.534581+00:00,1661983415.5345812,23871.49,10.388,1.049194,-0.124023,-0.035034,-3.02887,-1.12915,1.174927,0.0,0.0,0.0
2022-08-31 22:03:35.553234+00:00,1661983415.5532336,23871.51,10.376,1.054199,-0.122803,-0.029053,-3.005981,-1.167297,1.182556,0.0,0.0,0.0
2022-08-31 22:03:35.572393+00:00,1661983415.572393,23871.53,10.364,1.054565,-0.123535,-0.033569,-2.998352,-1.159668,1.182556,0.0,0.0,0.0
2022-08-31 22:03:35.594712+00:00,1661983415.5947118,23871.55,10.358,1.053955,-0.122437,-0.028564,-2.914429,-1.213074,1.197815,0.0,0.0,0.0
2022-08-31 22:03:35.613598+00:00,1661983415.613598,23871.57,10.376,1.051514,-0.119995,-0.028564,-2.975464,-1.243591,1.228333,0.0,0.0,0.0
2022-08-31 22:03:35.635895+00:00,1661983415.6358945,23871.59,10.358,1.053833,-0.121338,-0.032104,-2.960205,-1.167297,1.213074,0.0,0.0,0.0
2022-08-31 22:03:35.654701+00:00,1661983415.6547008,23871.61,10.379,1.05249,-0.12146,-0.031128,-2.983093,-1.213074,1.289368,0.0,0.0,0.0
2022-08-31 22:03:35.678384+00:00,1661983415.6783838,23871.64,10.367,1.050415,-0.123779,-0.029907,-3.005981,-1.251221,1.251221,0.0,0.0,0.0
2022-08-31 22:03:35.699089+00:00,1661983415.699089,23871.66,10.37,1.051636,-0.123901,-0.033325,-2.952576,-1.220703,1.243591,0.0,0.0,0.0
2022-08-31 22:03:35.719598+00:00,1661983415.7195976,23871.68,10.37,1.051636,-0.123047,-0.03064,-3.005981,-1.152039,1.144409,0.0,0.0,0.0
2022-08-31 22:03:35.740084+00:00,1661983415.7400842,23871.7,10.355,1.050415,-0.123657,-0.030518,-3.02887,-1.098633,1.152039,0.0,0.0,0.0
2022-08-31 22:03:35.760543+00:00,1661983415.7605426,23871.72,10.379,1.053833,-0.123657,-0.027222,-2.952576,-1.159668,1.159668,0.0,0.0,0.0
2022-08-31 22:03:35.782036+00:00,1661983415.7820358,23871.74,10.361,1.050537,-0.122803,-0.026367,-2.937317,-1.205444,1.197815,0.0,0.0,0.0
2022-08-31 22:03:35.802493+00:00,1661983415.802493,23871.76,10.352,1.053467,-0.120361,-0.0271,-2.990723,-1.281738,1.190186,0.0,0.0,0.0
2022-08-31 22:03:35.822941+00:00,1661983415.8229406,23871.78,10.364,1.053467,-0.120483,-0.029663,-3.059387,-1.251221,1.25885,0.0,0.0,0.0
2022-08-31 22:03:35.843362+00:00,1661983415.8433616,23871.8,10.379,1.051514,-0.12146,-0.029663,-2.960205,-1.235962,1.274109,0.0,0.0,0.0
2022-08-31 22:03:35.864037+00:00,1661983415.864037,23871.82,10.349,1.048828,-0.122559,-0.03125,-2.922058,-1.312256,1.25885,0.0,0.0,0.0
2022-08-31 22:03:35.883526+00:00,1661983415.8835258,23871.84,10.379,1.053345,-0.123901,-0.031494,-2.990723,-1.197815,1.220703,0.0,0.0,0.0
2022-08-31 22:03:35.904005+00:00,1661983415.9040053,23871.86,10.388,1.054565,-0.124634,-0.033447,-3.013611,-1.174927,1.274109,0.0,0.0,0.0
2022-08-31 22:03:35.924458+00:00,1661983415.9244583,23871.88,10.379,1.049927,-0.123291,-0.028809,-3.02887,-1.205444,1.190186,0.0,0.0,0.0
2022-08-31 22:03:35.944834+00:00,1661983415.9448335,23871.9,10.349,1.05127,-0.124023,-0.03064,-3.005981,-1.12915,1.220703,0.0,0.0,0.0
2022-08-31 22:03:35.965271+00:00,1661983415.9652712,23871.92,10.37,1.054321,-0.119751,-0.02356,-2.952576,-1.190186,1.205444,0.0,0.0,0.0
2022-08-31 22:03:35.986728+00:00,1661983415.9867277,23871.95,10.361,1.055786,-0.122681,-0.028564,-3.044128,-1.296997,1.213074,0.0,0.0,0.0
2022-08-31 22:03:36.007030+00:00,1661983416.0070302,23871.97,10.364,1.053101,-0.121216,-0.030273,-2.975464,-1.25885,1.220703,0.0,0.0,0.0
2022-08-31 22:03:36.027310+00:00,1661983416.0273097,23871.99,10.358,1.055176,-0.119995,-0.033936,-3.02887,-1.228333,1.197815,0.0,0.0,0.0
2022-08-31 22:03:36.047575+00:00,1661983416.0475755,23872.01,10.352,1.053955,-0.124634,-0.032471,-2.952576,-1.289368,1.251221,0.0,0.0,0.0
2022-08-31 22:03:36.067838+00:00,1661983416.067838,23872.03,10.361,1.053345,-0.123657,-0.034668,-2.990723,-1.197815,1.25885,0.0,0.0,0.0
2022-08-31 22:03:36.088109+00:00,1661983416.0881088,23872.05,10.361,1.05188,-0.126465,-0.03186,-2.975464,-1.13678,1.235962,0.0,0.0,0.0
2022-08-31 22:03:36.108369+00:00,1661983416.1083694,23872.07,10.373,1.051758,-0.124756,-0.032227,-2.944946,-1.228333,1.274109,0.0,0.0,0.0
2022-08-31 22:03:36.128630+00:00,1661983416.1286297,23872.09,10.349,1.053101,-0.125488,-0.030029,-2.998352,-1.197815,1.190186,0.0,0.0,0.0
2022-08-31 22:03:36.148902+00:00,1661983416.1489024,23872.11,10.37,1.054077,-0.124512,-0.029419,-2.990723,-1.235962,1.159668,0.0,0.0,0.0
2022-08-31 22:03:36.169164+00:00,1661983416.1691642,23872.13,10.361,1.052979,-0.122192,-0.030884,-3.013611,-1.159668,1.152039,0.0,0.0,0.0
2022-08-31 22:03:36.189489+00:00,1661983416.1894891,23872.15,10.358,1.050659,-0.12085,-0.032349,-3.02887,-1.220703,1.159668,0.0,0.0,0.0
2022-08-31 22:03:36.209760+00:00,1661983416.2097604,23872.17,10.385,1.052002,-0.124146,-0.031372,-3.044128,-1.213074,1.228333,0.0,0.0,0.0
2022-08-31 22:03:36.230024+00:00,1661983416.2300243,23872.19,10.361,1.052979,-0.123047,-0.032715,-3.02124,-1.205444,1.243591,0.0,0.0,0.0
2022-08-31 22:03:36.250280+00:00,1661983416.25028,23872.21,10.394,1.052002,-0.124023,-0.036743,-2.998352,-1.167297,1.228333,0.0,0.0,0.0
2022-08-31 22:03:36.270535+00:00,1661983416.2705345,23872.23,10.361,1.050659,-0.124023,-0.032715,-2.998352,-1.152039,1.213074,0.0,0.0,0.0
2022-08-31 22:03:36.290799+00:00,1661983416.2907991,23872.25,10.373,1.050781,-0.12439,-0.031494,-2.983093,-1.235962,1.213074,0.0,0.0,0.0
2022-08-31 22:03:36.311110+00:00,1661983416.3111095,23872.27,10.379,1.051392,-0.121948,-0.029053,-2.952576,-1.167297,1.197815,0.0,0.0,0.0
2022-08-31 22:03:36.331378+00:00,1661983416.3313785,23872.29,10.346,1.052246,-0.121704,-0.031616,-3.02124,-1.152039,1.167297,0.0,0.0,0.0
2022-08-31 22:03:36.351656+00:00,1661983416.3516564,23872.31,10.361,1.055298,-0.120728,-0.031738,-2.960205,-1.281738,1.190186,0.0,0.0,0.0
2022-08-31 22:03:36.371911+00:00,1661983416.371911,23872.33,10.358,1.052368,-0.122803,-0.029297,-3.013611,-1.281738,1.205444,0.0,0.0,0.0
2022-08-31 22:03:36.392177+00:00,1661983416.392177,23872.35,10.364,1.05127,-0.120117,-0.032349,-2.952576,-1.243591,1.243591,0.0,0.0,0.0
2022-08-31 22:03:36.412429+00:00,1661983416.4124286,23872.37,10.376,1.051514,-0.121094,-0.0354,-2.967834,-1.190186,1.205444,0.0,0.0,0.0
2022-08-31 22:03:36.432681+00:00,1661983416.4326813,23872.39,10.367,1.052856,-0.123047,-0.03186,-2.952576,-1.243591,1.190186,0.0,0.0,0.0
2022-08-31 22:03:36.452933+00:00,1661983416.452933,23872.41,10.388,1.050659,-0.122559,-0.030151,-2.998352,-1.159668,1.205444,0.0,0.0,0.0
2022-08-31 22:03:36.473522+00:00,1661983416.4735224,23872.43,10.397,1.05249,-0.124512,-0.03125,-2.975464,-1.220703,1.235962,0.0,0.0,0.0
2022-08-31 22:03:36.494055+00:00,1661983416.4940548,23872.45,10.373,1.052002,-0.124878,-0.029785,-2.998352,-1.205444,1.220703,0.0,0.0,0.0
2022-08-31 22:03:36.514559+00:00,1661983416.5145586,23872.47,10.373,1.052246,-0.123901,-0.029663,-2.990723,-1.281738,1.159668,0.0,0.0,0.0
2022-08-31 22:03:36.535060+00:00,1661983416.5350604,23872.49,10.373,1.053101,-0.120728,-0.029053,-3.005981,-1.197815,1.190186,0.0,0.0,0.0
2022-08-31 22:03:36.555564+00:00,1661983416.5555637,23872.51,10.361,1.052368,-0.118164,-0.029419,-2.998352,-1.197815,1.182556,0.0,0.0,0.0
2022-08-31 22:03:36.576058+00:00,1661983416.576058,23872.53,10.373,1.05188,-0.122559,-0.035645,-3.013611,-1.243591,1.174927,0.0,0.0,0.0
2022-08-31 22:03:36.596568+00:00,1661983416.5965683,23872.56,10.355,1.052734,-0.122681,-0.033936,-2.960205,-1.190186,1.228333,0.0,0.0,0.0
2022-08-31 22:03:36.616866+00:00,1661983416.6168656,23872.58,10.361,1.052856,-0.124268,-0.033325,-2.998352,-1.213074,1.243591,0.0,0.0,0.0
2022-08-31 22:03:36.637141+00:00,1661983416.637141,23872.6,10.37,1.052124,-0.120605,-0.032104,-3.005981,-1.174927,1.251221,0.0,0.0,0.0
2022-08-31 22:03:36.657407+00:00,1661983416.6574068,23872.62,10.346,1.05481,-0.122192,-0.029053,-2.998352,-1.205444,1.235962,0.0,0.0,0.0
2022-08-31 22:03:36.677755+00:00,1661983416.6777554,23872.64,10.379,1.053955,-0.124512,-0.028809,-2.990723,-1.182556,1.174927,0.0,0.0,0.0
2022-08-31 22:03:36.698036+00:00,1661983416.698036,23872.66,10.355,1.053833,-0.12439,-0.028931,-3.105164,-1.205444,1.228333,0.0,0.0,0.0
2022-08-31 22:03:36.718294+00:00,1661983416.7182944,23872.68,10.352,1.052856,-0.123047,-0.028442,-2.975464,-1.274109,1.190186,0.0,0.0,0.0
2022-08-31 22:03:36.738563+00:00,1661983416.7385633,23872.7,10.376,1.053589,-0.122314,-0.031372,-2.983093,-1.251221,1.228333,0.0,0.0,0.0
2022-08-31 22:03:36.759086+00:00,1661983416.759086,23872.72,10.364,1.052002,-0.122192,-0.033691,-2.967834,-1.213074,1.205444,0.0,0.0,0.0
2022-08-31 22:03:36.779619+00:00,1661983416.779619,23872.74,10.346,1.053101,-0.121948,-0.029663,-2.983093,-1.220703,1.159668,0.0,0.0,0.0
2022-08-31 22:03:36.800130+00:00,1661983416.8001301,23872.76,10.37,1.050537,-0.121582,-0.035156,-3.051758,-1.182556,1.235962,0.0,0.0,0.0
2022-08-31 22:03:36.820632+00:00,1661983416.8206315,23872.78,10.382,1.052856,-0.12146,-0.032227,-2.952576,-1.152039,1.235962,0.0,0.0,0.0
2022-08-31 22:03:36.839008+00:00,1661983416.8390083,23872.8,10.349,1.052124,-0.125122,-0.030396,-2.944946,-1.12915,1.182556,0.0,0.0,0.0
2022-08-31 22:03:36.860058+00:00,1661983416.8600576,23872.82,10.376,1.055542,-0.123169,-0.030151,-2.975464,-1.182556,1.228333,0.0,0.0,0.0
2022-08-31 22:03:36.881074+00:00,1661983416.8810744,23872.84,10.373,1.053467,-0.124268,-0.029175,-3.02887,-1.235962,1.174927,0.0,0.0,0.0
2022-08-31 22:03:36.904153+00:00,1661983416.9041533,23872.86,10.355,1.052979,-0.122314,-0.029297,-2.906799,-1.220703,1.167297,0.0,0.0,0.0
2022-08-31 22:03:36.924793+00:00,1661983416.924793,23872.88,10.364,1.053345,-0.122925,-0.03125,-3.02124,-1.159668,1.220703,0.0,0.0,0.0
2022-08-31 22:03:36.945309+00:00,1661983416.9453094,23872.9,10.373,1.052246,-0.122192,-0.027954,-2.929688,-1.266479,1.197815,0.0,0.0,0.0
2022-08-31 22:03:36.965828+00:00,1661983416.965828,23872.92,10.373,1.05249,-0.12146,-0.034546,-2.998352,-1.205444,1.235962,0.0,0.0,0.0
2022-08-31 22:03:36.986365+00:00,1661983416.9863648,23872.95,10.379,1.051392,-0.119995,-0.028687,-2.906799,-1.174927,1.205444,0.0,0.0,0.0
2022-08-31 22:03:37.006753+00:00,1661983417.0067527,23872.97,10.361,1.05542,-0.12146,-0.031616,-2.998352,-1.12915,1.220703,0.0,0.0,0.0
2022-08-31 22:03:37.027032+00:00,1661983417.0270324,23872.99,10.358,1.05127,-0.12207,-0.027832,-2.998352,-1.159668,1.251221,0.0,0.0,0.0
2022-08-31 22:03:37.047296+00:00,1661983417.0472963,23873.01,10.364,1.054199,-0.123291,-0.030029,-3.005981,-1.213074,1.251221,0.0,0.0,0.0
2022-08-31 22:03:37.067555+00:00,1661983417.0675552,23873.03,10.367,1.053345,-0.124268,-0.03186,-3.005981,-1.243591,1.243591,0.0,0.0,0.0
2022-08-31 22:03:37.087824+00:00,1661983417.0878243,23873.05,10.382,1.051025,-0.122559,-0.032959,-2.983093,-1.228333,1.144409,0.0,0.0,0.0
2022-08-31 22:03:37.108079+00:00,1661983417.1080794,23873.07,10.388,1.052612,-0.123413,-0.031372,-2.967834,-1.266479,1.174927,0.0,0.0,0.0
2022-08-31 22:03:37.128331+00:00,1661983417.1283314,23873.09,10.361,1.054443,-0.121582,-0.031494,-2.89917,-1.213074,1.182556,0.0,0.0,0.0
2022-08-31 22:03:37.148581+00:00,1661983417.1485808,23873.11,10.349,1.055664,-0.119263,-0.027832,-3.02124,-1.159668,1.197815,0.0,0.0,0.0
2022-08-31 22:03:37.168865+00:00,1661983417.1688654,23873.13,10.376,1.054077,-0.120239,-0.029785,-2.983093,-1.213074,1.228333,0.0,0.0,0.0
2022-08-31 22:03:37.189189+00:00,1661983417.189189,23873.15,10.379,1.055054,-0.124756,-0.031982,-2.952576,-1.13678,1.190186,0.0,0.0,0.0
2022-08-31 22:03:37.209455+00:00,1661983417.2094545,23873.17,10.355,1.052002,-0.122925,-0.034058,-2.967834,-1.174927,1.190186,0.0,0.0,0.0
2022-08-31 22:03:37.229705+00:00,1661983417.2297046,23873.19,10.352,1.052734,-0.123657,-0.030273,-2.967834,-1.190186,1.228333,0.0,0.0,0.0
2022-08-31 22:03:37.249954+00:00,1661983417.2499537,23873.21,10.367,1.054321,-0.12207,-0.030151,-2.944946,-1.251221,1.220703,0.0,0.0,0.0
2022-08-31 22:03:37.270230+00:00,1661983417.27023,23873.23,10.379,1.051636,-0.122803,-0.028564,-3.013611,-1.266479,1.174927,0.0,0.0,0.0
2022-08-31 22:03:37.290497+00:00,1661983417.2904966,23873.25,10.361,1.052612,-0.122803,-0.031006,-2.967834,-1.228333,1.144409,0.0,0.0,0.0
2022-08-31 22:03:37.310750+00:00,1661983417.31075,23873.27,10.37,1.054932,-0.125122,-0.030518,-2.998352,-1.251221,1.213074,0.0,0.0,0.0
2022-08-31 22:03:37.331000+00:00,1661983417.3309996,23873.29,10.367,1.05127,-0.122314,-0.035034,-2.944946,-1.182556,1.190186,0.0,0.0,0.0
2022-08-31 22:03:37.351248+00:00,1661983417.3512478,23873.31,10.37,1.051147,-0.122925,-0.026611,-2.922058,-1.205444,1.190186,0.0,0.0,0.0
2022-08-31 22:03:37.371523+00:00,1661983417.371523,23873.33,10.373,1.053589,-0.123535,-0.032715,-3.044128,-1.190186,1.220703,0.0,0.0,0.0
2022-08-31 22:03:37.391768+00:00,1661983417.3917677,23873.35,10.355,1.05249,-0.121948,-0.029053,-2.952576,-1.190186,1.251221,0.0,0.0,0.0
2022-08-31 22:03:37.412016+00:00,1661983417.4120162,23873.37,10.37,1.052612,-0.122803,-0.03186,-2.990723,-1.213074,1.213074,0.0,0.0,0.0
2022-08-31 22:03:37.432265+00:00,1661983417.4322653,23873.39,10.367,1.052246,-0.124756,-0.028687,-2.983093,-1.220703,1.205444,0.0,0.0,0.0
2022-08-31 22:03:37.452511+00:00,1661983417.4525113,23873.41,10.364,1.049683,-0.123535,-0.029419,-2.952576,-1.228333,1.213074,0.0,0.0,0.0
2022-08-31 22:03:37.472778+00:00,1661983417.472778,23873.43,10.373,1.051636,-0.123657,-0.031982,-2.960205,-1.205444,1.235962,0.0,0.0,0.0
2022-08-31 22:03:37.493178+00:00,1661983417.4931784,23873.45,10.352,1.051147,-0.122437,-0.032959,-2.952576,-1.197815,1.159668,0.0,0.0,0.0
2022-08-31 22:03:37.513498+00:00,1661983417.513498,23873.47,10.376,1.051025,-0.120972,-0.029175,-3.005981,-1.220703,1.197815,0.0,0.0,0.0
2022-08-31 22:03:37.533762+00:00,1661983417.5337615,23873.49,10.373,1.053955,-0.122559,-0.029175,-2.967834,-1.205444,1.243591,0.0,0.0,0.0
2022-08-31 22:03:37.554016+00:00,1661983417.5540156,23873.51,10.37,1.050781,-0.126099,-0.029175,-2.937317,-1.182556,1.228333,0.0,0.0,0.0
2022-08-31 22:03:37.574275+00:00,1661983417.5742755,23873.53,10.376,1.050049,-0.123047,-0.027832,-3.082275,-1.197815,1.213074,0.0,0.0,0.0
2022-08-31 22:03:37.594527+00:00,1661983417.5945265,23873.55,10.37,1.05249,-0.122437,-0.029907,-3.013611,-1.228333,1.190186,0.0,0.0,0.0
2022-08-31 22:03:37.614777+00:00,1661983417.6147768,23873.57,10.358,1.052368,-0.123779,-0.026978,-3.013611,-1.152039,1.243591,0.0,0.0,0.0
2022-08-31 22:03:37.635024+00:00,1661983417.6350236,23873.59,10.376,1.053101,-0.125854,-0.033447,-3.02887,-1.266479,1.213074,0.0,0.0,0.0
2022-08-31 22:03:37.655271+00:00,1661983417.655271,23873.61,10.367,1.053711,-0.122437,-0.031128,-2.952576,-1.228333,1.213074,0.0,0.0,0.0
2022-08-31 22:03:37.675580+00:00,1661983417.6755803,23873.63,10.361,1.052612,-0.123047,-0.03186,-2.960205,-1.205444,1.251221,0.0,0.0,0.0
2022-08-31 22:03:37.695833+00:00,1661983417.6958334,23873.65,10.364,1.052002,-0.125,-0.030762,-3.005981,-1.182556,1.190186,0.0,0.0,0.0
2022-08-31 22:03:37.716078+00:00,1661983417.7160783,23873.67,10.391,1.052856,-0.122925,-0.031128,-2.990723,-1.144409,1.152039,0.0,0.0,0.0
2022-08-31 22:03:37.736323+00:00,1661983417.7363234,23873.7,10.37,1.052002,-0.122559,-0.033447,-3.02887,-1.159668,1.251221,0.0,0.0,0.0
2022-08-31 22:03:37.756643+00:00,1661983417.7566428,23873.72,10.367,1.052002,-0.121704,-0.027832,-3.005981,-1.182556,1.266479,0.0,0.0,0.0
2022-08-31 22:03:37.776922+00:00,1661983417.7769217,23873.74,10.37,1.051636,-0.124146,-0.03186,-2.990723,-1.251221,1.243591,0.0,0.0,0.0
2022-08-31 22:03:37.797182+00:00,1661983417.7971823,23873.76,10.361,1.051514,-0.122559,-0.03064,-3.02887,-1.235962,1.190186,0.0,0.0,0.0
2022-08-31 22:03:37.817447+00:00,1661983417.8174472,23873.78,10.367,1.052979,-0.125,-0.029297,-2.998352,-1.266479,1.251221,0.0,0.0,0.0
2022-08-31 22:03:37.837730+00:00,1661983417.8377304,23873.8,10.358,1.051392,-0.122314,-0.032837,-2.967834,-1.235962,1.235962,0.0,0.0,0.0
2022-08-31 22:03:37.857982+00:00,1661983417.8579817,23873.82,10.37,1.05249,-0.12207,-0.034058,-3.02124,-1.190186,1.205444,0.0,0.0,0.0
2022-08-31 22:03:37.878232+00:00,1661983417.8782318,23873.84,10.373,1.052734,-0.123413,-0.03186,-3.013611,-1.213074,1.213074,0.0,0.0,0.0
2022-08-31 22:03:37.898561+00:00,1661983417.898561,23873.86,10.382,1.05249,-0.121338,-0.033813,-3.051758,-1.213074,1.182556,0.0,0.0,0.0
2022-08-31 22:03:37.919525+00:00,1661983417.919525,23873.88,10.367,1.052002,-0.124023,-0.032715,-2.990723,-1.174927,1.152039,0.0,0.0,0.0
2022-08-31 22:03:37.941823+00:00,1661983417.9418225,23873.9,10.382,1.053223,-0.12146,-0.028809,-3.044128,-1.228333,1.251221,0.0,0.0,0.0
2022-08-31 22:03:37.960900+00:00,1661983417.9608996,23873.92,10.364,1.052124,-0.121704,-0.030396,-2.975464,-1.197815,1.235962,0.0,0.0,0.0
2022-08-31 22:03:37.981299+00:00,1661983417.9812994,23873.94,10.385,1.054688,-0.121948,-0.031006,-3.051758,-1.228333,1.205444,0.0,0.0,0.0
2022-08-31 22:03:38.000799+00:00,1661983418.000799,23873.96,10.37,1.052124,-0.121948,-0.030884,-2.975464,-1.243591,1.251221,0.0,0.0,0.0
2022-08-31 22:03:38.021350+00:00,1661983418.0213497,23873.98,10.364,1.052612,-0.125488,-0.033081,-3.044128,-1.235962,1.205444,0.0,0.0,0.0
2022-08-31 22:03:38.041961+00:00,1661983418.041961,23874.0,10.382,1.05249,-0.124023,-0.034912,-2.952576,-1.197815,1.174927,0.0,0.0,0.0
2022-08-31 22:03:38.062705+00:00,1661983418.0627046,23874.02,10.391,1.052124,-0.124756,-0.031738,-2.990723,-1.228333,1.197815,0.0,0.0,0.0
2022-08-31 22:03:38.083522+00:00,1661983418.083522,23874.04,10.385,1.054688,-0.124023,-0.030762,-3.051758,-1.182556,1.235962,0.0,0.0,0.0
2022-08-31 22:03:38.104953+00:00,1661983418.1049526,23874.06,10.385,1.05542,-0.121216,-0.034546,-3.013611,-1.182556,1.213074,0.0,0.0,0.0
2022-08-31 22:03:38.125278+00:00,1661983418.1252775,23874.08,10.358,1.051025,-0.122437,-0.031982,-2.975464,-1.121521,1.190186,0.0,0.0,0.0
2022-08-31 22:03:38.145593+00:00,1661983418.1455932,23874.1,10.358,1.052002,-0.121094,-0.032471,-3.074646,-1.228333,1.25885,0.0,0.0,0.0
2022-08-31 22:03:38.167122+00:00,1661983418.1671216,23874.13,10.37,1.051636,-0.121704,-0.031494,-3.059387,-1.197815,1.235962,0.0,0.0,0.0
2022-08-31 22:03:38.187529+00:00,1661983418.1875288,23874.15,10.379,1.054932,-0.121094,-0.033081,-3.013611,-1.243591,1.235962,0.0,0.0,0.0
2022-08-31 22:03:38.207888+00:00,1661983418.207888,23874.17,10.364,1.05127,-0.123291,-0.03125,-2.990723,-1.228333,1.220703,0.0,0.0,0.0
2022-08-31 22:03:38.228195+00:00,1661983418.2281952,23874.19,10.376,1.051636,-0.125244,-0.031128,-2.967834,-1.251221,1.235962,0.0,0.0,0.0
2022-08-31 22:03:38.248496+00:00,1661983418.2484963,23874.21,10.385,1.053711,-0.123291,-0.033203,-2.929688,-1.174927,1.190186,0.0,0.0,0.0
2022-08-31 22:03:38.268912+00:00,1661983418.2689118,23874.23,10.37,1.051147,-0.12207,-0.029663,-2.983093,-1.205444,1.197815,0.0,0.0,0.0
2022-08-31 22:03:38.289229+00:00,1661983418.289229,23874.25,10.361,1.054199,-0.125244,-0.029907,-2.998352,-1.174927,1.228333,0.0,0.0,0.0
2022-08-31 22:03:38.309507+00:00,1661983418.309507,23874.27,10.379,1.052856,-0.123535,-0.029907,-2.960205,-1.220703,1.243591,0.0,0.0,0.0
2022-08-31 22:03:38.329774+00:00,1661983418.329774,23874.29,10.376,1.053223,-0.12207,-0.03186,-2.990723,-1.205444,1.235962,0.0,0.0,0.0
2022-08-31 22:03:38.350031+00:00,1661983418.350031,23874.31,10.361,1.053223,-0.121826,-0.032959,-2.990723,-1.197815,1.228333,0.0,0.0,0.0
2022-08-31 22:03:38.370287+00:00,1661983418.3702872,23874.33,10.364,1.052368,-0.124146,-0.030151,-3.02887,-1.182556,1.228333,0.0,0.0,0.0
2022-08-31 22:03:38.390572+00:00,1661983418.3905718,23874.35,10.364,1.054688,-0.123657,-0.030396,-2.967834,-1.243591,1.228333,0.0,0.0,0.0
2022-08-31 22:03:38.410944+00:00,1661983418.4109442,23874.37,10.385,1.052979,-0.120483,-0.033569,-2.990723,-1.228333,1.167297,0.0,0.0,0.0
2022-08-31 22:03:38.432338+00:00,1661983418.4323378,23874.39,10.367,1.053345,-0.123413,-0.030396,-3.02887,-1.213074,1.205444,0.0,0.0,0.0
2022-08-31 22:03:38.452888+00:00,1661983418.4528875,23874.41,10.364,1.053955,-0.122192,-0.02771,-3.02887,-1.152039,1.220703,0.0,0.0,0.0
2022-08-31 22:03:38.472869+00:00,1661983418.4728694,23874.43,10.379,1.05542,-0.122925,-0.029663,-2.975464,-1.159668,1.213074,0.0,0.0,0.0
2022-08-31 22:03:38.493276+00:00,1661983418.4932764,23874.45,10.37,1.052124,-0.121216,-0.030151,-2.998352,-1.220703,1.220703,0.0,0.0,0.0
2022-08-31 22:03:38.513581+00:00,1661983418.513581,23874.47,10.385,1.053345,-0.122803,-0.031372,-2.975464,-1.190186,1.235962,0.0,0.0,0.0
2022-08-31 22:03:38.533881+00:00,1661983418.5338814,23874.49,10.334,1.053101,-0.121216,-0.029785,-3.02887,-1.213074,1.243591,0.0,0.0,0.0
2022-08-31 22:03:38.554147+00:00,1661983418.554147,23874.51,10.361,1.050415,-0.124268,-0.028442,-3.02124,-1.213074,1.243591,0.0,0.0,0.0
2022-08-31 22:03:38.574550+00:00,1661983418.5745497,23874.53,10.376,1.051392,-0.123657,-0.030273,-2.983093,-1.213074,1.235962,0.0,0.0,0.0
2022-08-31 22:03:38.595008+00:00,1661983418.5950077,23874.55,10.37,1.054565,-0.123779,-0.031616,-3.013611,-1.152039,1.243591,0.0,0.0,0.0
2022-08-31 22:03:38.615438+00:00,1661983418.6154377,23874.57,10.379,1.052002,-0.124023,-0.028442,-2.983093,-1.25885,1.205444,0.0,0.0,0.0
2022-08-31 22:03:38.635721+00:00,1661983418.6357207,23874.59,10.37,1.053467,-0.125,-0.031982,-2.967834,-1.174927,1.220703,0.0,0.0,0.0
2022-08-31 22:03:38.655992+00:00,1661983418.6559918,23874.61,10.379,1.051392,-0.123047,-0.032837,-2.937317,-1.190186,1.182556,0.0,0.0,0.0
2022-08-31 22:03:38.676252+00:00,1661983418.6762524,23874.63,10.382,1.052124,-0.122559,-0.028809,-2.967834,-1.251221,1.167297,0.0,0.0,0.0
2022-08-31 22:03:38.697498+00:00,1661983418.6974978,23874.66,10.376,1.051758,-0.120483,-0.030884,-2.914429,-1.251221,1.197815,0.0,0.0,0.0
2022-08-31 22:03:38.717737+00:00,1661983418.7177374,23874.68,10.367,1.052979,-0.122681,-0.028564,-2.960205,-1.235962,1.144409,0.0,0.0,0.0
2022-08-31 22:03:38.737932+00:00,1661983418.7379324,23874.7,10.388,1.051147,-0.123901,-0.031006,-2.990723,-1.159668,1.281738,0.0,0.0,0.0
2022-08-31 22:03:38.758204+00:00,1661983418.7582042,23874.72,10.355,1.053955,-0.123169,-0.029175,-3.036499,-1.266479,1.243591,0.0,0.0,0.0
2022-08-31 22:03:38.778469+00:00,1661983418.7784693,23874.74,10.382,1.052124,-0.120972,-0.031494,-3.005981,-1.274109,1.220703,0.0,0.0,0.0
2022-08-31 22:03:38.798764+00:00,1661983418.7987638,23874.76,10.382,1.052979,-0.124023,-0.029663,-2.990723,-1.159668,1.213074,0.0,0.0,0.0
