2022-08-31 21:38:22.512799+00:00,1661981902.5127993,22358.47,10.679,1.054443,-0.112427,-0.013916,-3.074646,-1.106262,1.190186,0.0,0.0,0.0
2022-08-31 21:38:22.533510+00:00,1661981902.5335097,22358.49,10.694,1.053711,-0.113525,-0.011841,-3.044128,-1.13678,1.174927,0.0,0.0,0.0
2022-08-31 21:38:22.554112+00:00,1661981902.5541122,22358.51,10.688,1.053833,-0.113403,-0.014038,-3.143311,-1.121521,1.12915,0.0,0.0,0.0
2022-08-31 21:38:22.574716+00:00,1661981902.5747156,22358.53,10.712,1.050293,-0.112549,-0.016357,-3.02887,-1.091003,1.174927,0.0,0.0,0.0
2022-08-31 21:38:22.595280+00:00,1661981902.5952802,22358.55,10.691,1.054321,-0.112549,-0.017212,-2.983093,-1.182556,1.13678,0.0,0.0,0.0
2022-08-31 21:38:22.615831+00:00,1661981902.6158311,22358.57,10.7,1.053345,-0.110718,-0.017944,-3.051758,-1.12915,1.182556,0.0,0.0,0.0
2022-08-31 21:38:22.636393+00:00,1661981902.6363926,22358.6,10.703,1.053345,-0.113525,-0.018921,-3.082275,-1.152039,1.13678,0.0,0.0,0.0
2022-08-31 21:38:22.657019+00:00,1661981902.657019,22358.62,10.712,1.05249,-0.109253,-0.018921,-3.051758,-1.152039,1.13678,0.0,0.0,0.0
2022-08-31 21:38:22.677580+00:00,1661981902.6775799,22358.64,10.706,1.052979,-0.112671,-0.021362,-3.036499,-1.091003,1.144409,0.0,0.0,0.0
2022-08-31 21:38:22.698134+00:00,1661981902.698134,22358.66,10.688,1.053955,-0.114868,-0.015259,-3.082275,-1.113892,1.12915,0.0,0.0,0.0
2022-08-31 21:38:22.718685+00:00,1661981902.7186847,22358.68,10.694,1.054077,-0.112793,-0.010376,-3.036499,-1.075745,1.113892,0.0,0.0,0.0
2022-08-31 21:38:22.739233+00:00,1661981902.7392333,22358.7,10.724,1.055176,-0.114136,-0.014893,-3.051758,-1.13678,1.197815,0.0,0.0,0.0
2022-08-31 21:38:22.759779+00:00,1661981902.7597787,22358.72,10.694,1.05188,-0.113647,-0.015137,-3.120422,-1.12915,1.152039,0.0,0.0,0.0
2022-08-31 21:38:22.780325+00:00,1661981902.780325,22358.74,10.694,1.052979,-0.112915,-0.015381,-3.067017,-1.12915,1.197815,0.0,0.0,0.0
2022-08-31 21:38:22.800871+00:00,1661981902.8008714,22358.76,10.697,1.052124,-0.113647,-0.020996,-3.059387,-1.174927,1.144409,0.0,0.0,0.0
2022-08-31 21:38:22.821420+00:00,1661981902.8214197,22358.78,10.703,1.053833,-0.112427,-0.019043,-3.059387,-1.220703,1.159668,0.0,0.0,0.0
2022-08-31 21:38:22.844547+00:00,1661981902.844547,22358.8,10.685,1.050781,-0.113403,-0.015137,-3.02124,-1.144409,1.144409,0.0,0.0,0.0
2022-08-31 21:38:22.864637+00:00,1661981902.8646371,22358.82,10.691,1.050537,-0.111816,-0.022095,-3.044128,-1.12915,1.174927,0.0,0.0,0.0
2022-08-31 21:38:22.884718+00:00,1661981902.8847184,22358.84,10.694,1.054443,-0.113403,-0.018188,-3.082275,-1.098633,1.159668,0.0,0.0,0.0
2022-08-31 21:38:22.904796+00:00,1661981902.904796,22358.86,10.694,1.057129,-0.111816,-0.014893,-3.044128,-1.12915,1.190186,0.0,0.0,0.0
2022-08-31 21:38:22.924880+00:00,1661981902.9248798,22358.88,10.676,1.055054,-0.111206,-0.019531,-3.112793,-1.159668,1.190186,0.0,0.0,0.0
2022-08-31 21:38:22.945561+00:00,1661981902.9455612,22358.9,10.673,1.053589,-0.114868,-0.014526,-3.089905,-1.152039,1.13678,0.0,0.0,0.0
2022-08-31 21:38:22.966271+00:00,1661981902.966271,22358.92,10.685,1.053467,-0.112183,-0.018677,-3.089905,-1.220703,1.182556,0.0,0.0,0.0
2022-08-31 21:38:22.987132+00:00,1661981902.9871323,22358.95,10.685,1.05249,-0.113281,-0.019531,-3.082275,-1.12915,1.174927,0.0,0.0,0.0
2022-08-31 21:38:23.007930+00:00,1661981903.0079303,22358.97,10.712,1.055176,-0.114258,-0.014893,-3.051758,-1.144409,1.159668,0.0,0.0,0.0
2022-08-31 21:38:23.028668+00:00,1661981903.0286684,22358.99,10.694,1.05481,-0.114502,-0.020142,-3.036499,-1.083374,1.152039,0.0,0.0,0.0
2022-08-31 21:38:23.049387+00:00,1661981903.0493875,22359.01,10.688,1.057495,-0.111328,-0.014771,-3.067017,-1.12915,1.144409,0.0,0.0,0.0
2022-08-31 21:38:23.070117+00:00,1661981903.0701168,22359.03,10.679,1.053711,-0.115112,-0.017456,-3.105164,-1.029968,1.144409,0.0,0.0,0.0
2022-08-31 21:38:23.090835+00:00,1661981903.0908349,22359.05,10.697,1.051758,-0.113647,-0.014282,-3.082275,-1.075745,1.182556,0.0,0.0,0.0
2022-08-31 21:38:23.111654+00:00,1661981903.111654,22359.07,10.685,1.055786,-0.11438,-0.016602,-3.044128,-1.13678,1.121521,0.0,0.0,0.0
2022-08-31 21:38:23.131298+00:00,1661981903.131298,22359.09,10.706,1.052246,-0.112427,-0.013062,-3.074646,-1.174927,1.235962,0.0,0.0,0.0
2022-08-31 21:38:23.152061+00:00,1661981903.1520605,22359.11,10.685,1.051147,-0.114868,-0.016479,-3.036499,-1.159668,1.205444,0.0,0.0,0.0
2022-08-31 21:38:23.172461+00:00,1661981903.1724606,22359.13,10.688,1.053345,-0.113525,-0.019897,-3.082275,-1.197815,1.159668,0.0,0.0,0.0
2022-08-31 21:38:23.193350+00:00,1661981903.1933498,22359.15,10.709,1.051392,-0.112793,-0.021118,-3.02887,-1.113892,1.113892,0.0,0.0,0.0
2022-08-31 21:38:23.214086+00:00,1661981903.214086,22359.17,10.691,1.05249,-0.114502,-0.018311,-3.089905,-1.083374,1.091003,0.0,0.0,0.0
2022-08-31 21:38:23.233863+00:00,1661981903.2338626,22359.19,10.706,1.055542,-0.113037,-0.020142,-3.051758,-1.075745,1.159668,0.0,0.0,0.0
2022-08-31 21:38:23.254592+00:00,1661981903.254592,22359.21,10.691,1.055298,-0.11377,-0.016357,-3.036499,-1.075745,1.167297,0.0,0.0,0.0
2022-08-31 21:38:23.275307+00:00,1661981903.2753072,22359.23,10.685,1.055054,-0.111572,-0.015503,-3.067017,-1.045227,1.13678,0.0,0.0,0.0
2022-08-31 21:38:23.295966+00:00,1661981903.295966,22359.25,10.7,1.051758,-0.112793,-0.013306,-3.120422,-1.113892,1.167297,0.0,0.0,0.0
2022-08-31 21:38:23.316628+00:00,1661981903.3166282,22359.28,10.7,1.052979,-0.111816,-0.019287,-3.082275,-1.167297,1.205444,0.0,0.0,0.0
2022-08-31 21:38:23.338378+00:00,1661981903.3383784,22359.3,10.682,1.055664,-0.114746,-0.018311,-3.02124,-1.106262,1.167297,0.0,0.0,0.0
2022-08-31 21:38:23.359409+00:00,1661981903.3594093,22359.32,10.703,1.052246,-0.114624,-0.015869,-3.02124,-1.144409,1.167297,0.0,0.0,0.0
2022-08-31 21:38:23.380471+00:00,1661981903.3804712,22359.34,10.679,1.052979,-0.113037,-0.020142,-3.059387,-1.144409,1.174927,0.0,0.0,0.0
2022-08-31 21:38:23.401222+00:00,1661981903.4012215,22359.36,10.7,1.050781,-0.115479,-0.018433,-3.097534,-1.13678,1.190186,0.0,0.0,0.0
2022-08-31 21:38:23.421931+00:00,1661981903.421931,22359.38,10.688,1.054077,-0.113647,-0.016113,-3.067017,-1.052856,1.182556,0.0,0.0,0.0
2022-08-31 21:38:23.442660+00:00,1661981903.4426599,22359.4,10.688,1.051758,-0.11145,-0.018311,-3.02887,-1.144409,1.121521,0.0,0.0,0.0
2022-08-31 21:38:23.463361+00:00,1661981903.463361,22359.42,10.664,1.052979,-0.113892,-0.015137,-3.089905,-1.13678,1.220703,0.0,0.0,0.0
2022-08-31 21:38:23.484053+00:00,1661981903.4840531,22359.44,10.688,1.05481,-0.111694,-0.017578,-3.059387,-1.106262,1.159668,0.0,0.0,0.0
2022-08-31 21:38:23.504755+00:00,1661981903.5047548,22359.46,10.7,1.054688,-0.114258,-0.0177,-3.067017,-1.197815,1.220703,0.0,0.0,0.0
2022-08-31 21:38:23.525444+00:00,1661981903.5254443,22359.48,10.697,1.053101,-0.112305,-0.014648,-3.036499,-1.190186,1.213074,0.0,0.0,0.0
2022-08-31 21:38:23.546164+00:00,1661981903.546164,22359.5,10.688,1.051392,-0.114258,-0.016724,-3.02887,-1.12915,1.12915,0.0,0.0,0.0
2022-08-31 21:38:23.566900+00:00,1661981903.5669,22359.53,10.685,1.054077,-0.114136,-0.018188,-3.02887,-1.144409,1.182556,0.0,0.0,0.0
2022-08-31 21:38:23.587602+00:00,1661981903.5876017,22359.55,10.685,1.05481,-0.11377,-0.016724,-3.059387,-1.182556,1.144409,0.0,0.0,0.0
2022-08-31 21:38:23.608288+00:00,1661981903.6082883,22359.57,10.685,1.052002,-0.111328,-0.017944,-3.097534,-1.098633,1.182556,0.0,0.0,0.0
2022-08-31 21:38:23.628970+00:00,1661981903.6289697,22359.59,10.709,1.053955,-0.114258,-0.016724,-3.067017,-1.113892,1.205444,0.0,0.0,0.0
2022-08-31 21:38:23.649712+00:00,1661981903.6497123,22359.61,10.67,1.052246,-0.11499,-0.018677,-3.036499,-1.106262,1.144409,0.0,0.0,0.0
2022-08-31 21:38:23.670452+00:00,1661981903.670452,22359.63,10.679,1.054077,-0.112427,-0.0177,-3.02887,-1.121521,1.167297,0.0,0.0,0.0
2022-08-31 21:38:23.691236+00:00,1661981903.6912365,22359.65,10.694,1.054932,-0.113647,-0.01709,-3.051758,-1.121521,1.152039,0.0,0.0,0.0
2022-08-31 21:38:23.711938+00:00,1661981903.711938,22359.67,10.679,1.054565,-0.112671,-0.015869,-3.044128,-1.144409,1.159668,0.0,0.0,0.0
2022-08-31 21:38:23.732612+00:00,1661981903.7326121,22359.69,10.688,1.054077,-0.113403,-0.014526,-3.059387,-1.167297,1.159668,0.0,0.0,0.0
2022-08-31 21:38:23.753632+00:00,1661981903.7536318,22359.71,10.703,1.053955,-0.113403,-0.021362,-3.082275,-1.174927,1.174927,0.0,0.0,0.0
2022-08-31 21:38:23.774407+00:00,1661981903.7744067,22359.73,10.709,1.05249,-0.114258,-0.016479,-3.120422,-1.182556,1.182556,0.0,0.0,0.0
2022-08-31 21:38:23.795184+00:00,1661981903.7951841,22359.75,10.703,1.052124,-0.115479,-0.020142,-3.074646,-1.121521,1.152039,0.0,0.0,0.0
2022-08-31 21:38:23.815893+00:00,1661981903.8158927,22359.77,10.703,1.052246,-0.115112,-0.019531,-3.082275,-1.113892,1.182556,0.0,0.0,0.0
2022-08-31 21:38:23.838700+00:00,1661981903.8387003,22359.8,10.7,1.052124,-0.113159,-0.017944,-3.082275,-1.068115,1.152039,0.0,0.0,0.0
2022-08-31 21:38:23.857304+00:00,1661981903.8573039,22359.82,10.709,1.053833,-0.112671,-0.016479,-3.067017,-1.13678,1.144409,0.0,0.0,0.0
2022-08-31 21:38:23.878015+00:00,1661981903.8780148,22359.84,10.682,1.056641,-0.112061,-0.016602,-3.044128,-1.113892,1.213074,0.0,0.0,0.0
2022-08-31 21:38:23.898715+00:00,1661981903.8987148,22359.86,10.703,1.053345,-0.110474,-0.014771,-3.051758,-1.190186,1.12915,0.0,0.0,0.0
2022-08-31 21:38:23.919409+00:00,1661981903.9194088,22359.88,10.697,1.051147,-0.112427,-0.015259,-3.059387,-1.144409,1.121521,0.0,0.0,0.0
2022-08-31 21:38:23.940141+00:00,1661981903.9401407,22359.9,10.697,1.055054,-0.114868,-0.016968,-3.02124,-1.182556,1.12915,0.0,0.0,0.0
2022-08-31 21:38:23.960838+00:00,1661981903.9608376,22359.92,10.685,1.05188,-0.111328,-0.019165,-3.074646,-1.159668,1.152039,0.0,0.0,0.0
2022-08-31 21:38:23.981533+00:00,1661981903.9815326,22359.94,10.679,1.053589,-0.112183,-0.019043,-3.051758,-1.167297,1.152039,0.0,0.0,0.0
2022-08-31 21:38:24.002246+00:00,1661981904.0022461,22359.96,10.679,1.051514,-0.111938,-0.018921,-3.051758,-1.113892,1.174927,0.0,0.0,0.0
2022-08-31 21:38:24.022943+00:00,1661981904.0229428,22359.98,10.679,1.054565,-0.114014,-0.018799,-3.051758,-1.083374,1.197815,0.0,0.0,0.0
2022-08-31 21:38:24.043670+00:00,1661981904.0436702,22360.0,10.685,1.05542,-0.113159,-0.019409,-3.044128,-1.106262,1.197815,0.0,0.0,0.0
2022-08-31 21:38:24.064374+00:00,1661981904.0643744,22360.02,10.682,1.052124,-0.11499,-0.015259,-3.02124,-1.113892,1.190186,0.0,0.0,0.0
2022-08-31 21:38:24.085076+00:00,1661981904.0850759,22360.04,10.727,1.054688,-0.113525,-0.018555,-3.074646,-1.113892,1.083374,0.0,0.0,0.0
2022-08-31 21:38:24.105792+00:00,1661981904.1057916,22360.06,10.688,1.054077,-0.113281,-0.0177,-2.983093,-1.167297,1.144409,0.0,0.0,0.0
2022-08-31 21:38:24.126543+00:00,1661981904.1265428,22360.09,10.685,1.055054,-0.112915,-0.018311,-3.044128,-1.174927,1.159668,0.0,0.0,0.0
2022-08-31 21:38:24.147249+00:00,1661981904.1472495,22360.11,10.703,1.053223,-0.114258,-0.017334,-3.044128,-1.205444,1.190186,0.0,0.0,0.0
2022-08-31 21:38:24.167950+00:00,1661981904.16795,22360.13,10.709,1.051392,-0.113892,-0.017456,-3.082275,-1.12915,1.159668,0.0,0.0,0.0
2022-08-31 21:38:24.188648+00:00,1661981904.1886475,22360.15,10.679,1.054688,-0.113159,-0.012451,-3.036499,-1.045227,1.121521,0.0,0.0,0.0
2022-08-31 21:38:24.209356+00:00,1661981904.2093563,22360.17,10.7,1.05249,-0.11438,-0.016968,-3.051758,-1.091003,1.13678,0.0,0.0,0.0
2022-08-31 21:38:24.230106+00:00,1661981904.2301064,22360.19,10.688,1.051636,-0.114258,-0.019531,-3.044128,-1.144409,1.12915,0.0,0.0,0.0
2022-08-31 21:38:24.250822+00:00,1661981904.250822,22360.21,10.691,1.054077,-0.112549,-0.014526,-3.051758,-1.121521,1.251221,0.0,0.0,0.0
2022-08-31 21:38:24.271529+00:00,1661981904.2715292,22360.23,10.703,1.054199,-0.112793,-0.014526,-3.074646,-1.144409,1.190186,0.0,0.0,0.0
2022-08-31 21:38:24.292231+00:00,1661981904.2922308,22360.25,10.697,1.056519,-0.111694,-0.016357,-3.036499,-1.205444,1.152039,0.0,0.0,0.0
2022-08-31 21:38:24.312928+00:00,1661981904.312928,22360.27,10.703,1.052124,-0.114868,-0.014771,-3.005981,-1.159668,1.205444,0.0,0.0,0.0
2022-08-31 21:38:24.333622+00:00,1661981904.333622,22360.29,10.694,1.055054,-0.111084,-0.018921,-3.059387,-1.152039,1.159668,0.0,0.0,0.0
2022-08-31 21:38:24.356644+00:00,1661981904.3566437,22360.32,10.664,1.053223,-0.113403,-0.019287,-3.059387,-1.182556,1.106262,0.0,0.0,0.0
2022-08-31 21:38:24.374815+00:00,1661981904.3748152,22360.33,10.712,1.052612,-0.113281,-0.017334,-3.120422,-1.152039,1.13678,0.0,0.0,0.0
2022-08-31 21:38:24.395432+00:00,1661981904.3954315,22360.35,10.706,1.049561,-0.115479,-0.019043,-3.082275,-1.113892,1.205444,0.0,0.0,0.0
2022-08-31 21:38:24.415655+00:00,1661981904.415655,22360.37,10.703,1.055054,-0.112427,-0.017456,-3.082275,-1.091003,1.144409,0.0,0.0,0.0
2022-08-31 21:38:24.435388+00:00,1661981904.4353883,22360.39,10.691,1.053711,-0.110474,-0.018188,-3.02887,-1.113892,1.152039,0.0,0.0,0.0
2022-08-31 21:38:24.455868+00:00,1661981904.4558685,22360.41,10.697,1.052124,-0.114746,-0.014404,-3.051758,-1.022339,1.144409,0.0,0.0,0.0
2022-08-31 21:38:24.476847+00:00,1661981904.476847,22360.44,10.697,1.054077,-0.11377,-0.015869,-3.02124,-1.121521,1.182556,0.0,0.0,0.0
2022-08-31 21:38:24.497096+00:00,1661981904.4970958,22360.46,10.697,1.050171,-0.11377,-0.016113,-3.044128,-1.167297,1.152039,0.0,0.0,0.0
2022-08-31 21:38:24.517251+00:00,1661981904.5172505,22360.48,10.694,1.052979,-0.110962,-0.019165,-3.074646,-1.152039,1.113892,0.0,0.0,0.0
2022-08-31 21:38:24.537328+00:00,1661981904.5373278,22360.5,10.691,1.052368,-0.115479,-0.01709,-3.067017,-1.12915,1.152039,0.0,0.0,0.0
2022-08-31 21:38:24.558078+00:00,1661981904.558078,22360.52,10.7,1.053467,-0.114502,-0.019165,-3.051758,-1.098633,1.13678,0.0,0.0,0.0
2022-08-31 21:38:24.578770+00:00,1661981904.57877,22360.54,10.694,1.05542,-0.115479,-0.017334,-3.02124,-1.144409,1.152039,0.0,0.0,0.0
2022-08-31 21:38:24.599474+00:00,1661981904.5994744,22360.56,10.688,1.055786,-0.11084,-0.015137,-3.044128,-1.098633,1.205444,0.0,0.0,0.0
2022-08-31 21:38:24.620161+00:00,1661981904.620161,22360.58,10.712,1.05542,-0.114868,-0.016357,-3.051758,-1.106262,1.121521,0.0,0.0,0.0
2022-08-31 21:38:24.641833+00:00,1661981904.6418333,22360.6,10.679,1.053955,-0.112793,-0.016235,-3.089905,-1.083374,1.174927,0.0,0.0,0.0
2022-08-31 21:38:24.662601+00:00,1661981904.6626008,22360.62,10.691,1.053101,-0.114258,-0.015747,-3.059387,-1.113892,1.13678,0.0,0.0,0.0
2022-08-31 21:38:24.683583+00:00,1661981904.6835833,22360.64,10.685,1.051636,-0.111694,-0.015381,-3.051758,-1.144409,1.144409,0.0,0.0,0.0
2022-08-31 21:38:24.704557+00:00,1661981904.704557,22360.66,10.727,1.055664,-0.11377,-0.017456,-3.02124,-1.106262,1.13678,0.0,0.0,0.0
2022-08-31 21:38:24.725513+00:00,1661981904.725513,22360.68,10.703,1.055664,-0.113159,-0.019165,-3.089905,-1.13678,1.152039,0.0,0.0,0.0
2022-08-31 21:38:24.746549+00:00,1661981904.7465491,22360.71,10.697,1.053467,-0.111938,-0.016479,-2.983093,-1.13678,1.13678,0.0,0.0,0.0
2022-08-31 21:38:24.767494+00:00,1661981904.7674944,22360.73,10.682,1.052734,-0.112427,-0.021118,-3.051758,-1.083374,1.159668,0.0,0.0,0.0
2022-08-31 21:38:24.788434+00:00,1661981904.788434,22360.75,10.7,1.055176,-0.114258,-0.019409,-3.051758,-1.091003,1.167297,0.0,0.0,0.0
2022-08-31 21:38:24.809376+00:00,1661981904.8093765,22360.77,10.706,1.053345,-0.111084,-0.015991,-3.036499,-1.075745,1.190186,0.0,0.0,0.0
2022-08-31 21:38:24.830325+00:00,1661981904.830325,22360.79,10.7,1.05481,-0.112061,-0.015747,-3.02124,-1.121521,1.174927,0.0,0.0,0.0
2022-08-31 21:38:24.851280+00:00,1661981904.8512805,22360.81,10.679,1.053833,-0.114746,-0.016357,-3.036499,-1.152039,1.113892,0.0,0.0,0.0
2022-08-31 21:38:24.872211+00:00,1661981904.8722105,22360.83,10.673,1.052734,-0.114258,-0.015625,-3.089905,-1.174927,1.113892,0.0,0.0,0.0
2022-08-31 21:38:24.893162+00:00,1661981904.8931623,22360.85,10.703,1.051636,-0.111572,-0.019287,-3.059387,-1.190186,1.121521,0.0,0.0,0.0
2022-08-31 21:38:24.914117+00:00,1661981904.9141173,22360.87,10.682,1.054077,-0.11438,-0.017456,-3.089905,-1.174927,1.13678,0.0,0.0,0.0
2022-08-31 21:38:24.935148+00:00,1661981904.9351478,22360.89,10.688,1.051514,-0.113647,-0.015869,-3.005981,-1.159668,1.190186,0.0,0.0,0.0
2022-08-31 21:38:24.956120+00:00,1661981904.95612,22360.91,10.682,1.053467,-0.111084,-0.017578,-3.074646,-1.106262,1.152039,0.0,0.0,0.0
2022-08-31 21:38:24.976884+00:00,1661981904.976884,22360.94,10.697,1.051392,-0.113892,-0.015259,-3.082275,-1.098633,1.213074,0.0,0.0,0.0
2022-08-31 21:38:24.997861+00:00,1661981904.9978611,22360.96,10.697,1.053467,-0.111938,-0.018677,-3.02124,-1.13678,1.167297,0.0,0.0,0.0
2022-08-31 21:38:25.018616+00:00,1661981905.0186157,22360.98,10.703,1.052612,-0.112793,-0.015381,-3.02124,-1.083374,1.167297,0.0,0.0,0.0
2022-08-31 21:38:25.039374+00:00,1661981905.0393744,22361.0,10.694,1.053223,-0.114258,-0.018677,-3.15094,-1.190186,1.12915,0.0,0.0,0.0
2022-08-31 21:38:25.060171+00:00,1661981905.060171,22361.02,10.694,1.055786,-0.114014,-0.014038,-3.051758,-1.152039,1.197815,0.0,0.0,0.0
2022-08-31 21:38:25.080894+00:00,1661981905.0808945,22361.04,10.688,1.054565,-0.113525,-0.016968,-3.120422,-1.190186,1.13678,0.0,0.0,0.0
2022-08-31 21:38:25.103661+00:00,1661981905.1036613,22361.06,10.682,1.05127,-0.112183,-0.020386,-3.036499,-1.106262,1.174927,0.0,0.0,0.0
2022-08-31 21:38:25.122216+00:00,1661981905.1222165,22361.08,10.682,1.055298,-0.114136,-0.015625,-3.105164,-1.113892,1.190186,0.0,0.0,0.0
2022-08-31 21:38:25.142962+00:00,1661981905.1429615,22361.1,10.697,1.051147,-0.111084,-0.016113,-3.02124,-1.144409,1.174927,0.0,0.0,0.0
2022-08-31 21:38:25.163681+00:00,1661981905.1636808,22361.12,10.688,1.053223,-0.11499,-0.017822,-3.097534,-1.075745,1.12915,0.0,0.0,0.0
2022-08-31 21:38:25.184399+00:00,1661981905.1843987,22361.14,10.691,1.054688,-0.113281,-0.021118,-3.051758,-1.075745,1.174927,0.0,0.0,0.0
2022-08-31 21:38:25.205116+00:00,1661981905.2051158,22361.16,10.703,1.053589,-0.113037,-0.017456,-3.044128,-1.144409,1.144409,0.0,0.0,0.0
2022-08-31 21:38:25.225829+00:00,1661981905.2258294,22361.18,10.709,1.055786,-0.111694,-0.017212,-3.089905,-1.113892,1.159668,0.0,0.0,0.0
2022-08-31 21:38:25.246581+00:00,1661981905.246581,22361.21,10.709,1.055786,-0.111084,-0.013916,-3.074646,-1.159668,1.13678,0.0,0.0,0.0
2022-08-31 21:38:25.267283+00:00,1661981905.267283,22361.23,10.688,1.054199,-0.112671,-0.017456,-3.036499,-1.12915,1.121521,0.0,0.0,0.0
2022-08-31 21:38:25.287985+00:00,1661981905.2879846,22361.25,10.676,1.053833,-0.11499,-0.016602,-3.02887,-1.152039,1.121521,0.0,0.0,0.0
2022-08-31 21:38:25.308683+00:00,1661981905.3086827,22361.27,10.691,1.052368,-0.115723,-0.015991,-3.051758,-1.159668,1.13678,0.0,0.0,0.0
2022-08-31 21:38:25.329383+00:00,1661981905.3293834,22361.29,10.688,1.052368,-0.113525,-0.02124,-3.112793,-1.152039,1.152039,0.0,0.0,0.0
2022-08-31 21:38:25.350116+00:00,1661981905.3501165,22361.31,10.676,1.05249,-0.114868,-0.0177,-3.082275,-1.113892,1.190186,0.0,0.0,0.0
2022-08-31 21:38:25.370819+00:00,1661981905.370819,22361.33,10.7,1.051514,-0.112549,-0.015137,-3.074646,-1.144409,1.12915,0.0,0.0,0.0
2022-08-31 21:38:25.391519+00:00,1661981905.3915193,22361.35,10.703,1.05249,-0.113403,-0.014038,-3.074646,-1.12915,1.13678,0.0,0.0,0.0
2022-08-31 21:38:25.412215+00:00,1661981905.4122145,22361.37,10.679,1.054199,-0.112305,-0.014648,-3.044128,-1.13678,1.174927,0.0,0.0,0.0
2022-08-31 21:38:25.432950+00:00,1661981905.4329503,22361.39,10.694,1.055542,-0.11145,-0.018311,-3.059387,-1.190186,1.091003,0.0,0.0,0.0
2022-08-31 21:38:25.453658+00:00,1661981905.453658,22361.41,10.676,1.052856,-0.114746,-0.014282,-3.059387,-1.167297,1.167297,0.0,0.0,0.0
2022-08-31 21:38:25.474356+00:00,1661981905.4743557,22361.43,10.709,1.052856,-0.11377,-0.01709,-3.036499,-1.144409,1.190186,0.0,0.0,0.0
2022-08-31 21:38:25.495054+00:00,1661981905.4950542,22361.45,10.688,1.053467,-0.11438,-0.019165,-3.044128,-1.121521,1.167297,0.0,0.0,0.0
2022-08-31 21:38:25.515778+00:00,1661981905.515778,22361.47,10.694,1.053955,-0.111694,-0.014771,-3.005981,-1.083374,1.174927,0.0,0.0,0.0
2022-08-31 21:38:25.536530+00:00,1661981905.5365298,22361.5,10.697,1.054321,-0.112427,-0.017334,-3.097534,-1.113892,1.174927,0.0,0.0,0.0
2022-08-31 21:38:25.557253+00:00,1661981905.5572531,22361.52,10.697,1.053711,-0.113159,-0.015869,-3.067017,-1.091003,1.13678,0.0,0.0,0.0
2022-08-31 21:38:25.577956+00:00,1661981905.5779564,22361.54,10.703,1.054321,-0.11377,-0.021606,-3.044128,-1.152039,1.13678,0.0,0.0,0.0
2022-08-31 21:38:25.598660+00:00,1661981905.5986605,22361.56,10.703,1.056396,-0.114624,-0.02002,-3.089905,-1.13678,1.159668,0.0,0.0,0.0
2022-08-31 21:38:25.619356+00:00,1661981905.619356,22361.58,10.682,1.054077,-0.111572,-0.016357,-3.067017,-1.159668,1.152039,0.0,0.0,0.0
2022-08-31 21:38:25.640072+00:00,1661981905.6400719,22361.6,10.694,1.052734,-0.112305,-0.016602,-3.059387,-1.121521,1.174927,0.0,0.0,0.0
2022-08-31 21:38:25.660832+00:00,1661981905.6608324,22361.62,10.7,1.051758,-0.114258,-0.015869,-3.036499,-1.113892,1.121521,0.0,0.0,0.0
2022-08-31 21:38:25.681542+00:00,1661981905.6815417,22361.64,10.703,1.050903,-0.112793,-0.016357,-3.074646,-1.121521,1.13678,0.0,0.0,0.0
2022-08-31 21:38:25.702251+00:00,1661981905.7022514,22361.66,10.706,1.052856,-0.113403,-0.019043,-3.013611,-1.159668,1.228333,0.0,0.0,0.0
2022-08-31 21:38:25.722961+00:00,1661981905.722961,22361.68,10.685,1.053101,-0.112915,-0.017334,-3.044128,-1.167297,1.182556,0.0,0.0,0.0
2022-08-31 21:38:25.743657+00:00,1661981905.743657,22361.7,10.676,1.051758,-0.112305,-0.013672,-3.02887,-1.091003,1.235962,0.0,0.0,0.0
2022-08-31 21:38:25.764362+00:00,1661981905.764362,22361.72,10.706,1.052856,-0.114014,-0.013184,-3.074646,-1.12915,1.205444,0.0,0.0,0.0
2022-08-31 21:38:25.785059+00:00,1661981905.785059,22361.74,10.715,1.054199,-0.113281,-0.019653,-3.097534,-1.121521,1.182556,0.0,0.0,0.0
2022-08-31 21:38:25.805804+00:00,1661981905.8058043,22361.76,10.676,1.051636,-0.113159,-0.013916,-3.097534,-1.167297,1.190186,0.0,0.0,0.0
2022-08-31 21:38:25.826547+00:00,1661981905.8265471,22361.79,10.694,1.053467,-0.113403,-0.017944,-3.074646,-1.121521,1.174927,0.0,0.0,0.0
2022-08-31 21:38:25.847255+00:00,1661981905.8472545,22361.81,10.685,1.052734,-0.113892,-0.022705,-3.067017,-1.121521,1.121521,0.0,0.0,0.0
2022-08-31 21:38:25.867959+00:00,1661981905.867959,22361.83,10.697,1.055054,-0.111206,-0.018188,-3.120422,-1.091003,1.174927,0.0,0.0,0.0
2022-08-31 21:38:25.888659+00:00,1661981905.888659,22361.85,10.679,1.053223,-0.111938,-0.016846,-3.044128,-1.152039,1.167297,0.0,0.0,0.0
2022-08-31 21:38:25.909358+00:00,1661981905.909358,22361.87,10.685,1.053833,-0.113525,-0.018066,-3.112793,-1.106262,1.144409,0.0,0.0,0.0
2022-08-31 21:38:25.930058+00:00,1661981905.9300585,22361.89,10.685,1.055176,-0.112549,-0.019043,-3.02887,-1.13678,1.113892,0.0,0.0,0.0
2022-08-31 21:38:25.950793+00:00,1661981905.9507926,22361.91,10.694,1.056519,-0.11377,-0.021118,-3.112793,-1.106262,1.152039,0.0,0.0,0.0
2022-08-31 21:38:25.971506+00:00,1661981905.9715056,22361.93,10.691,1.052734,-0.109863,-0.016235,-3.02887,-1.121521,1.174927,0.0,0.0,0.0
2022-08-31 21:38:25.992206+00:00,1661981905.992206,22361.95,10.673,1.052612,-0.113525,-0.015381,-3.02887,-1.159668,1.083374,0.0,0.0,0.0
2022-08-31 21:38:26.012906+00:00,1661981906.012906,22361.97,10.694,1.052246,-0.111206,-0.018433,-2.998352,-1.235962,1.106262,0.0,0.0,0.0
2022-08-31 21:38:26.033630+00:00,1661981906.0336297,22361.99,10.682,1.055786,-0.110474,-0.014893,-3.059387,-1.197815,1.13678,0.0,0.0,0.0
2022-08-31 21:38:26.054368+00:00,1661981906.0543675,22362.01,10.706,1.051392,-0.112183,-0.016357,-3.013611,-1.167297,1.159668,0.0,0.0,0.0
2022-08-31 21:38:26.075076+00:00,1661981906.0750756,22362.03,10.682,1.052612,-0.114258,-0.018921,-3.059387,-1.12915,1.13678,0.0,0.0,0.0
2022-08-31 21:38:26.095835+00:00,1661981906.0958352,22362.05,10.691,1.053955,-0.111328,-0.019043,-3.036499,-1.12915,1.159668,0.0,0.0,0.0
2022-08-31 21:38:26.116543+00:00,1661981906.1165433,22362.08,10.688,1.052979,-0.112183,-0.018799,-3.051758,-1.098633,1.152039,0.0,0.0,0.0
2022-08-31 21:38:26.137300+00:00,1661981906.1372995,22362.1,10.697,1.05542,-0.114136,-0.016479,-3.067017,-1.190186,1.152039,0.0,0.0,0.0
2022-08-31 21:38:26.158011+00:00,1661981906.1580112,22362.12,10.673,1.050903,-0.114136,-0.013428,-3.051758,-1.167297,1.190186,0.0,0.0,0.0
2022-08-31 21:38:26.178713+00:00,1661981906.178713,22362.14,10.694,1.054443,-0.11438,-0.018311,-3.059387,-1.197815,1.113892,0.0,0.0,0.0
2022-08-31 21:38:26.199412+00:00,1661981906.199412,22362.16,10.691,1.054321,-0.11145,-0.017822,-3.105164,-1.197815,1.174927,0.0,0.0,0.0
2022-08-31 21:38:26.220108+00:00,1661981906.2201076,22362.18,10.691,1.053467,-0.115845,-0.015991,-3.051758,-1.182556,1.174927,0.0,0.0,0.0
2022-08-31 21:38:26.241035+00:00,1661981906.241035,22362.2,10.682,1.053955,-0.113403,-0.0177,-3.051758,-1.152039,1.152039,0.0,0.0,0.0
2022-08-31 21:38:26.261813+00:00,1661981906.2618132,22362.22,10.688,1.049927,-0.115234,-0.019287,-3.059387,-1.182556,1.121521,0.0,0.0,0.0
2022-08-31 21:38:26.282547+00:00,1661981906.282547,22362.24,10.712,1.049927,-0.118774,-0.013916,-2.952576,-1.121521,1.167297,0.0,0.0,0.0
2022-08-31 21:38:26.303266+00:00,1661981906.3032663,22362.26,10.676,1.035645,-0.070801,0.01001,-3.234863,-1.091003,1.747131,0.0,0.0,0.0
2022-08-31 21:38:26.324018+00:00,1661981906.3240175,22362.28,10.7,0.994995,-0.081299,-0.002075,-2.937317,-1.571655,2.281189,0.0,0.0,0.0
2022-08-31 21:38:26.344764+00:00,1661981906.3447645,22362.3,10.685,1.101807,-0.135254,0.018311,-3.890991,-1.00708,1.907349,0.0,0.0,0.0
2022-08-31 21:38:26.365479+00:00,1661981906.3654795,22362.32,10.679,1.078857,-0.11792,0.015137,-3.479004,-1.853943,2.418518,0.0,0.0,0.0
2022-08-31 21:38:26.386185+00:00,1661981906.3861854,22362.34,10.679,1.01123,-0.075806,-0.022583,-3.700256,-2.319336,1.213074,0.0,0.0,0.0
2022-08-31 21:38:26.406929+00:00,1661981906.4069295,22362.37,10.694,1.035278,-0.086548,-0.045044,-2.700806,-3.074646,2.159119,0.0,0.0,0.0
2022-08-31 21:38:26.427639+00:00,1661981906.4276385,22362.39,10.691,1.019531,-0.136841,-0.005127,-3.425598,-2.174377,1.052856,0.0,0.0,0.0
2022-08-31 21:38:26.448353+00:00,1661981906.4483533,22362.41,10.691,1.050415,-0.072632,-0.120483,-0.396729,-2.189636,2.349854,0.0,0.0,0.0
2022-08-31 21:38:26.469067+00:00,1661981906.4690669,22362.43,10.694,1.1073,-0.098755,-0.042969,-4.135132,-0.480652,0.976562,0.0,0.0,0.0
2022-08-31 21:38:26.489767+00:00,1661981906.4897673,22362.45,10.685,1.08252,-0.198608,0.00354,-0.87738,-0.62561,1.678467,0.0,0.0,0.0
2022-08-31 21:38:26.510463+00:00,1661981906.5104635,22362.47,10.697,1.098511,-0.129517,-0.053955,-3.845215,-0.846863,1.602173,0.0,0.0,0.0
2022-08-31 21:38:26.531165+00:00,1661981906.5311646,22362.49,10.706,1.1427,-0.17981,-0.035278,-1.502991,-1.266479,1.441956,0.0,0.0,0.0
2022-08-31 21:38:26.551869+00:00,1661981906.5518694,22362.51,10.688,1.140015,-0.170044,0.035278,-2.204895,-1.625061,1.655579,0.0,0.0,0.0
2022-08-31 21:38:26.572576+00:00,1661981906.5725758,22362.53,10.703,1.102173,-0.122437,-0.029419,-2.670288,-1.274109,0.740051,0.0,0.0,0.0
2022-08-31 21:38:26.595347+00:00,1661981906.5953467,22362.55,10.688,1.070679,-0.192749,0.052612,-4.928589,-1.342773,0.778198,0.0,0.0,0.0
2022-08-31 21:38:26.613924+00:00,1661981906.613924,22362.57,10.718,1.000244,-0.194824,0.004517,-5.332947,-1.098633,1.098633,0.0,0.0,0.0
2022-08-31 21:38:26.634625+00:00,1661981906.6346252,22362.59,10.694,1.026611,-0.078003,-0.083496,-3.883362,-1.716614,1.220703,0.0,0.0,0.0
2022-08-31 21:38:26.655338+00:00,1661981906.6553378,22362.61,10.691,1.024902,-0.084351,-0.097534,-4.005432,-1.396179,1.029968,0.0,0.0,0.0
2022-08-31 21:38:26.676048+00:00,1661981906.6760476,22362.63,10.694,1.012207,-0.05957,-0.075439,-3.227234,-1.243591,0.900269,0.0,0.0,0.0
2022-08-31 21:38:26.696766+00:00,1661981906.6967661,22362.66,10.691,1.069336,-0.17688,0.049438,-1.091003,-0.717163,1.457214,0.0,0.0,0.0
2022-08-31 21:38:26.717473+00:00,1661981906.717473,22362.68,10.688,1.06604,-0.079834,0.012939,-3.456116,-0.701904,1.708984,0.0,0.0,0.0
2022-08-31 21:38:26.740190+00:00,1661981906.7401903,22362.7,10.703,1.037476,-0.116699,0.008545,-3.509521,-0.717163,1.655579,0.0,0.0,0.0
2022-08-31 21:38:26.758736+00:00,1661981906.758736,22362.72,10.679,1.03125,-0.067261,-0.000977,-3.52478,-0.526428,1.678467,0.0,0.0,0.0
2022-08-31 21:38:26.779445+00:00,1661981906.7794454,22362.74,10.703,1.064209,-0.101562,-0.007935,-3.517151,-1.541138,1.441956,0.0,0.0,0.0
2022-08-31 21:38:26.800151+00:00,1661981906.8001506,22362.76,10.685,1.097534,-0.115356,0.00708,-2.922058,-1.655579,1.213074,0.0,0.0,0.0
2022-08-31 21:38:26.820852+00:00,1661981906.8208518,22362.78,10.685,1.059692,-0.145996,-0.018188,-2.174377,-1.861572,1.213074,0.0,0.0,0.0
2022-08-31 21:38:26.841556+00:00,1661981906.841556,22362.8,10.715,1.067505,-0.086792,-0.048462,-2.632141,-1.266479,0.617981,0.0,0.0,0.0
2022-08-31 21:38:26.864440+00:00,1661981906.8644397,22362.82,10.688,1.044312,-0.121704,-0.045532,-2.761841,-1.197815,1.083374,0.0,0.0,0.0
2022-08-31 21:38:26.883028+00:00,1661981906.8830283,22362.84,10.679,1.114868,-0.099731,-0.024658,-3.067017,-0.732422,1.38855,0.0,0.0,0.0
2022-08-31 21:38:26.903736+00:00,1661981906.9037359,22362.86,10.706,0.966797,-0.13501,0.010254,-4.310608,-0.640869,1.274109,0.0,0.0,0.0
2022-08-31 21:38:26.924437+00:00,1661981906.9244373,22362.88,10.685,1.16272,-0.134521,0.020996,-3.883362,-0.25177,2.243042,0.0,0.0,0.0
2022-08-31 21:38:26.945148+00:00,1661981906.9451485,22362.9,10.703,1.059204,-0.03833,-0.098755,-5.310059,-0.617981,0.724792,0.0,0.0,0.0
2022-08-31 21:38:26.965856+00:00,1661981906.9658563,22362.92,10.688,0.967407,-0.125488,0.009033,0.183105,-2.037048,1.075745,0.0,0.0,0.0
2022-08-31 21:38:26.986571+00:00,1661981906.9865713,22362.95,10.709,1.087036,-0.106567,0.009155,-4.516602,-1.266479,1.052856,0.0,0.0,0.0
2022-08-31 21:38:27.007308+00:00,1661981907.0073082,22362.97,10.697,1.067749,-0.089111,-0.079712,0.274658,-2.319336,0.602722,0.0,0.0,0.0
2022-08-31 21:38:27.028026+00:00,1661981907.0280259,22362.99,10.706,1.039307,-0.13208,-0.007935,-3.112793,-1.243591,0.862122,0.0,0.0,0.0
2022-08-31 21:38:27.050824+00:00,1661981907.0508242,22363.01,10.709,1.062988,-0.07605,-0.088501,-5.218506,-0.816345,0.808716,0.0,0.0,0.0
2022-08-31 21:38:27.069604+00:00,1661981907.0696044,22363.03,10.712,1.051392,-0.155518,0.009888,-0.770569,-1.152039,1.060486,0.0,0.0,0.0
2022-08-31 21:38:27.090380+00:00,1661981907.09038,22363.05,10.697,1.056763,-0.101074,-0.031738,-4.005432,-0.663757,0.808716,0.0,0.0,0.0
2022-08-31 21:38:27.111108+00:00,1661981907.1111083,22363.07,10.679,1.03894,-0.120483,-0.02002,-2.479553,-0.930786,1.25885,0.0,0.0,0.0
2022-08-31 21:38:27.131829+00:00,1661981907.1318293,22363.09,10.679,1.064087,-0.136841,0.025635,-4.119873,-0.854492,0.946045,0.0,0.0,0.0
2022-08-31 21:38:27.152541+00:00,1661981907.152541,22363.11,10.682,1.047607,-0.110352,-0.016602,-2.464294,-1.152039,1.190186,0.0,0.0,0.0
2022-08-31 21:38:27.173259+00:00,1661981907.1732595,22363.13,10.7,1.057495,-0.130005,0.01123,-3.227234,-1.319885,1.25885,0.0,0.0,0.0
2022-08-31 21:38:27.193973+00:00,1661981907.1939726,22363.15,10.694,1.06604,-0.102051,-0.039795,-3.944397,-1.342773,1.251221,0.0,0.0,0.0
2022-08-31 21:38:27.214701+00:00,1661981907.2147014,22363.17,10.7,1.039917,-0.134521,-0.023804,-2.288818,-1.77002,1.350403,0.0,0.0,0.0
2022-08-31 21:38:27.235401+00:00,1661981907.2354012,22363.19,10.685,1.060547,-0.109619,-0.047974,-3.479004,-1.38092,1.152039,0.0,0.0,0.0
2022-08-31 21:38:27.256128+00:00,1661981907.2561276,22363.21,10.688,1.050903,-0.109619,-0.049316,-3.227234,-1.243591,1.289368,0.0,0.0,0.0
2022-08-31 21:38:27.276865+00:00,1661981907.2768655,22363.24,10.7,1.057251,-0.121338,-0.018799,-3.448486,-0.923157,1.098633,0.0,0.0,0.0
2022-08-31 21:38:27.297568+00:00,1661981907.2975683,22363.26,10.691,1.053467,-0.101807,-0.03125,-2.944946,-0.717163,1.182556,0.0,0.0,0.0
2022-08-31 21:38:27.318274+00:00,1661981907.3182738,22363.28,10.694,1.052979,-0.107422,-0.010864,-2.944946,-0.801086,1.480103,0.0,0.0,0.0
2022-08-31 21:38:27.338976+00:00,1661981907.3389761,22363.3,10.703,1.054199,-0.105591,-0.013184,-3.639221,-0.801086,1.243591,0.0,0.0,0.0
2022-08-31 21:38:27.359724+00:00,1661981907.359724,22363.32,10.694,1.050537,-0.122681,0.002686,-2.571106,-1.403809,1.434326,0.0,0.0,0.0
2022-08-31 21:38:27.380429+00:00,1661981907.380429,22363.34,10.67,1.053223,-0.113159,-0.007812,-3.166199,-1.441956,1.243591,0.0,0.0,0.0
2022-08-31 21:38:27.401126+00:00,1661981907.401126,22363.36,10.685,1.054443,-0.11145,-0.026855,-3.189087,-1.480103,1.197815,0.0,0.0,0.0
2022-08-31 21:38:27.421818+00:00,1661981907.421818,22363.38,10.697,1.05188,-0.120972,-0.017334,-3.288269,-1.441956,1.281738,0.0,0.0,0.0
2022-08-31 21:38:27.444754+00:00,1661981907.444754,22363.4,10.682,1.050049,-0.108887,-0.039917,-3.112793,-1.037598,1.075745,0.0,0.0,0.0
2022-08-31 21:38:27.463365+00:00,1661981907.4633648,22363.42,10.676,1.049805,-0.119141,-0.033081,-3.074646,-0.907898,1.335144,0.0,0.0,0.0
2022-08-31 21:38:27.484082+00:00,1661981907.4840817,22363.44,10.685,1.057861,-0.104614,-0.030396,-3.425598,-0.724792,1.075745,0.0,0.0,0.0
2022-08-31 21:38:27.507048+00:00,1661981907.5070484,22363.47,10.7,1.04834,-0.112793,-0.012451,-2.784729,-0.793457,1.228333,0.0,0.0,0.0
2022-08-31 21:38:27.527606+00:00,1661981907.5276055,22363.49,10.688,1.059448,-0.109619,-0.00769,-3.059387,-0.87738,1.220703,0.0,0.0,0.0
2022-08-31 21:38:27.548107+00:00,1661981907.5481071,22363.51,10.7,1.051025,-0.107788,-0.004761,-2.937317,-1.167297,1.113892,0.0,0.0,0.0
2022-08-31 21:38:27.568645+00:00,1661981907.5686448,22363.53,10.697,1.057861,-0.113403,0.002563,-3.189087,-1.342773,1.335144,0.0,0.0,0.0
2022-08-31 21:38:27.589237+00:00,1661981907.5892367,22363.55,10.694,1.050049,-0.11377,-0.015137,-3.15094,-1.327515,1.220703,0.0,0.0,0.0
2022-08-31 21:38:27.609740+00:00,1661981907.6097395,22363.57,10.688,1.052979,-0.111206,-0.026978,-3.044128,-1.434326,1.266479,0.0,0.0,0.0
2022-08-31 21:38:27.630231+00:00,1661981907.6302314,22363.59,10.694,1.057007,-0.112427,-0.034302,-3.173828,-1.274109,1.113892,0.0,0.0,0.0
2022-08-31 21:38:27.650718+00:00,1661981907.6507185,22363.61,10.688,1.05127,-0.114014,-0.033813,-2.937317,-1.144409,1.083374,0.0,0.0,0.0
2022-08-31 21:38:27.671229+00:00,1661981907.6712291,22363.63,10.676,1.059082,-0.111572,-0.026123,-3.051758,-0.946045,1.144409,0.0,0.0,0.0
2022-08-31 21:38:27.691708+00:00,1661981907.691708,22363.65,10.691,1.050049,-0.11084,-0.022827,-3.211975,-0.793457,1.098633,0.0,0.0,0.0
2022-08-31 21:38:27.712186+00:00,1661981907.7121859,22363.67,10.694,1.056763,-0.112915,-0.004761,-2.998352,-0.770569,1.167297,0.0,0.0,0.0
2022-08-31 21:38:27.732683+00:00,1661981907.7326827,22363.69,10.685,1.053345,-0.112183,-0.002075,-3.158569,-0.991821,1.106262,0.0,0.0,0.0
2022-08-31 21:38:27.753167+00:00,1661981907.7531667,22363.71,10.694,1.053955,-0.112061,-0.00769,-2.998352,-1.235962,1.182556,0.0,0.0,0.0
2022-08-31 21:38:27.773639+00:00,1661981907.773639,22363.73,10.706,1.05957,-0.108643,-0.007324,-3.059387,-1.434326,1.167297,0.0,0.0,0.0
2022-08-31 21:38:27.794122+00:00,1661981907.794122,22363.75,10.703,1.048096,-0.11438,-0.022705,-2.937317,-1.480103,1.144409,0.0,0.0,0.0
2022-08-31 21:38:27.814601+00:00,1661981907.8146007,22363.77,10.691,1.057373,-0.116943,-0.02478,-3.059387,-1.441956,1.121521,0.0,0.0,0.0
2022-08-31 21:38:27.835073+00:00,1661981907.8350735,22363.79,10.691,1.053467,-0.111206,-0.034302,-3.105164,-1.228333,1.152039,0.0,0.0,0.0
2022-08-31 21:38:27.855576+00:00,1661981907.8555758,22363.81,10.673,1.051758,-0.115479,-0.030884,-3.005981,-1.052856,1.197815,0.0,0.0,0.0
2022-08-31 21:38:27.876059+00:00,1661981907.8760586,22363.83,10.709,1.056885,-0.108765,-0.025391,-3.189087,-0.801086,1.068115,0.0,0.0,0.0
2022-08-31 21:38:27.896561+00:00,1661981907.8965607,22363.86,10.682,1.048462,-0.114014,-0.017822,-3.074646,-0.87738,1.121521,0.0,0.0,0.0
2022-08-31 21:38:27.917042+00:00,1661981907.9170423,22363.88,10.691,1.057495,-0.111694,-0.007446,-3.059387,-0.892639,1.098633,0.0,0.0,0.0
2022-08-31 21:38:27.937519+00:00,1661981907.9375186,22363.9,10.697,1.052368,-0.112305,-0.005005,-2.967834,-1.190186,1.13678,0.0,0.0,0.0
2022-08-31 21:38:27.957987+00:00,1661981907.9579868,22363.92,10.697,1.057739,-0.114868,-0.003906,-3.036499,-1.38855,1.182556,0.0,0.0,0.0
2022-08-31 21:38:27.978480+00:00,1661981907.9784796,22363.94,10.7,1.056519,-0.111816,-0.012573,-3.051758,-1.38092,1.205444,0.0,0.0,0.0
2022-08-31 21:38:27.998965+00:00,1661981907.998965,22363.96,10.694,1.051147,-0.115356,-0.024048,-2.990723,-1.434326,1.213074,0.0,0.0,0.0
2022-08-31 21:38:28.019454+00:00,1661981908.0194542,22363.98,10.697,1.056396,-0.110596,-0.033325,-3.105164,-1.243591,1.144409,0.0,0.0,0.0
2022-08-31 21:38:28.040117+00:00,1661981908.0401165,22364.0,10.7,1.050415,-0.116211,-0.035156,-2.944946,-1.144409,1.152039,0.0,0.0,0.0
2022-08-31 21:38:28.060172+00:00,1661981908.0601716,22364.02,10.694,1.053467,-0.115601,-0.028931,-3.105164,-0.946045,1.197815,0.0,0.0,0.0
2022-08-31 21:38:28.081193+00:00,1661981908.081193,22364.04,10.703,1.055542,-0.112427,-0.025513,-3.15094,-0.854492,1.144409,0.0,0.0,0.0
2022-08-31 21:38:28.102195+00:00,1661981908.102195,22364.06,10.703,1.053955,-0.114136,-0.008423,-2.990723,-0.88501,1.167297,0.0,0.0,0.0
2022-08-31 21:38:28.123178+00:00,1661981908.123178,22364.08,10.682,1.056763,-0.112915,-0.001709,-3.128052,-0.976562,1.12915,0.0,0.0,0.0
2022-08-31 21:38:28.144230+00:00,1661981908.1442297,22364.1,10.673,1.055542,-0.108643,-0.007324,-3.013611,-1.213074,1.190186,0.0,0.0,0.0
2022-08-31 21:38:28.165241+00:00,1661981908.165241,22364.12,10.67,1.05249,-0.11084,-0.012329,-3.051758,-1.365662,1.174927,0.0,0.0,0.0
2022-08-31 21:38:28.186233+00:00,1661981908.1862333,22364.14,10.703,1.054565,-0.110229,-0.018433,-3.036499,-1.426697,1.167297,0.0,0.0,0.0
2022-08-31 21:38:28.206803+00:00,1661981908.2068028,22364.17,10.694,1.048706,-0.115234,-0.02478,-2.975464,-1.403809,1.266479,0.0,0.0,0.0
2022-08-31 21:38:28.227311+00:00,1661981908.227311,22364.19,10.706,1.055054,-0.114258,-0.03064,-2.998352,-1.174927,1.182556,0.0,0.0,0.0
2022-08-31 21:38:28.247829+00:00,1661981908.2478287,22364.21,10.709,1.051147,-0.11499,-0.029541,-3.051758,-1.029968,1.235962,0.0,0.0,0.0
2022-08-31 21:38:28.268324+00:00,1661981908.2683244,22364.23,10.709,1.053711,-0.116089,-0.024292,-3.120422,-0.793457,1.121521,0.0,0.0,0.0
2022-08-31 21:38:28.288815+00:00,1661981908.2888155,22364.25,10.685,1.055542,-0.111206,-0.016113,-3.044128,-0.846863,1.098633,0.0,0.0,0.0
2022-08-31 21:38:28.309303+00:00,1661981908.309303,22364.27,10.7,1.052979,-0.11499,-0.008057,-3.044128,-0.892639,1.190186,0.0,0.0,0.0
2022-08-31 21:38:28.329781+00:00,1661981908.3297813,22364.29,10.709,1.052856,-0.11084,-0.008667,-3.089905,-1.144409,1.068115,0.0,0.0,0.0
2022-08-31 21:38:28.350290+00:00,1661981908.3502898,22364.31,10.703,1.054565,-0.112305,-0.009521,-3.067017,-1.274109,1.152039,0.0,0.0,0.0
2022-08-31 21:38:28.370774+00:00,1661981908.3707736,22364.33,10.679,1.054077,-0.112305,-0.016724,-3.089905,-1.411438,1.106262,0.0,0.0,0.0
2022-08-31 21:38:28.391231+00:00,1661981908.3912308,22364.35,10.691,1.053223,-0.110962,-0.022217,-3.005981,-1.419067,1.152039,0.0,0.0,0.0
2022-08-31 21:38:28.411703+00:00,1661981908.4117033,22364.37,10.706,1.052856,-0.112061,-0.029297,-3.143311,-1.274109,1.205444,0.0,0.0,0.0
2022-08-31 21:38:28.432204+00:00,1661981908.4322035,22364.39,10.697,1.050171,-0.114014,-0.032837,-3.02887,-1.083374,1.13678,0.0,0.0,0.0
2022-08-31 21:38:28.452682+00:00,1661981908.452682,22364.41,10.676,1.053955,-0.113159,-0.028564,-3.044128,-0.923157,1.251221,0.0,0.0,0.0
2022-08-31 21:38:28.473159+00:00,1661981908.4731588,22364.43,10.685,1.052368,-0.114136,-0.02478,-3.105164,-0.938416,1.174927,0.0,0.0,0.0
2022-08-31 21:38:28.493629+00:00,1661981908.493629,22364.45,10.733,1.052734,-0.111938,-0.017456,-3.074646,-0.946045,1.152039,0.0,0.0,0.0
2022-08-31 21:38:28.514101+00:00,1661981908.5141013,22364.47,10.688,1.05249,-0.113403,-0.008179,-3.112793,-1.068115,1.091003,0.0,0.0,0.0
2022-08-31 21:38:28.534575+00:00,1661981908.5345755,22364.49,10.688,1.053467,-0.11084,-0.009888,-3.02124,-1.167297,1.060486,0.0,0.0,0.0
2022-08-31 21:38:28.555055+00:00,1661981908.5550551,22364.51,10.694,1.054688,-0.11084,-0.009155,-3.036499,-1.319885,1.12915,0.0,0.0,0.0
2022-08-31 21:38:28.575561+00:00,1661981908.5755613,22364.53,10.706,1.052856,-0.114502,-0.019653,-3.082275,-1.403809,1.190186,0.0,0.0,0.0
2022-08-31 21:38:28.596035+00:00,1661981908.5960355,22364.55,10.7,1.055664,-0.11084,-0.026123,-3.036499,-1.358032,1.174927,0.0,0.0,0.0
2022-08-31 21:38:28.616550+00:00,1661981908.6165497,22364.58,10.715,1.051147,-0.11145,-0.030518,-3.044128,-1.296997,1.251221,0.0,0.0,0.0
2022-08-31 21:38:28.637193+00:00,1661981908.6371932,22364.6,10.709,1.053833,-0.114014,-0.029419,-3.044128,-0.999451,1.213074,0.0,0.0,0.0
2022-08-31 21:38:28.657742+00:00,1661981908.6577423,22364.62,10.724,1.054565,-0.111938,-0.024536,-3.044128,-0.915527,1.197815,0.0,0.0,0.0
2022-08-31 21:38:28.678242+00:00,1661981908.678242,22364.64,10.685,1.05188,-0.115112,-0.019043,-3.097534,-0.88501,1.12915,0.0,0.0,0.0
2022-08-31 21:38:28.698729+00:00,1661981908.6987286,22364.66,10.712,1.057007,-0.110962,-0.01355,-3.120422,-0.968933,1.091003,0.0,0.0,0.0
2022-08-31 21:38:28.719210+00:00,1661981908.7192101,22364.68,10.691,1.052612,-0.113403,-0.010742,-3.036499,-1.13678,1.091003,0.0,0.0,0.0
2022-08-31 21:38:28.739914+00:00,1661981908.739914,22364.7,10.709,1.054321,-0.112793,-0.008545,-3.074646,-1.235962,1.106262,0.0,0.0,0.0
2022-08-31 21:38:28.760473+00:00,1661981908.7604725,22364.72,10.703,1.054199,-0.112305,-0.012573,-3.067017,-1.289368,1.167297,0.0,0.0,0.0
2022-08-31 21:38:28.781059+00:00,1661981908.7810585,22364.74,10.709,1.051025,-0.111938,-0.023193,-3.051758,-1.426697,1.13678,0.0,0.0,0.0
2022-08-31 21:38:28.801551+00:00,1661981908.801551,22364.76,10.7,1.056274,-0.111084,-0.024414,-3.02124,-1.205444,1.174927,0.0,0.0,0.0
2022-08-31 21:38:28.822050+00:00,1661981908.8220499,22364.78,10.715,1.051392,-0.114258,-0.029297,-2.998352,-1.159668,1.213074,0.0,0.0,0.0
2022-08-31 21:38:28.842587+00:00,1661981908.842587,22364.8,10.688,1.05127,-0.114136,-0.027588,-3.02124,-0.984192,1.174927,0.0,0.0,0.0
2022-08-31 21:38:28.863083+00:00,1661981908.8630834,22364.82,10.682,1.051636,-0.11377,-0.023438,-3.059387,-0.938416,1.167297,0.0,0.0,0.0
2022-08-31 21:38:28.883623+00:00,1661981908.8836231,22364.84,10.697,1.049072,-0.113525,-0.016724,-3.082275,-0.976562,1.182556,0.0,0.0,0.0
2022-08-31 21:38:28.904141+00:00,1661981908.9041407,22364.86,10.697,1.055176,-0.110596,-0.009155,-3.257751,-0.991821,1.13678,0.0,0.0,0.0
2022-08-31 21:38:28.924638+00:00,1661981908.9246376,22364.88,10.697,1.05188,-0.11145,-0.010864,-3.143311,-1.121521,1.098633,0.0,0.0,0.0
2022-08-31 21:38:28.945140+00:00,1661981908.9451404,22364.9,10.688,1.051392,-0.110474,-0.015747,-3.036499,-1.312256,1.037598,0.0,0.0,0.0
2022-08-31 21:38:28.965628+00:00,1661981908.9656277,22364.92,10.709,1.050781,-0.10791,-0.019653,-3.005981,-1.38855,1.068115,0.0,0.0,0.0
2022-08-31 21:38:28.986113+00:00,1661981908.9861128,22364.94,10.694,1.047729,-0.11084,-0.020874,-3.005981,-1.358032,1.205444,0.0,0.0,0.0
2022-08-31 21:38:29.006618+00:00,1661981909.0066175,22364.97,10.712,1.056274,-0.109863,-0.024536,-3.044128,-1.174927,1.190186,0.0,0.0,0.0
2022-08-31 21:38:29.027094+00:00,1661981909.0270944,22364.99,10.679,1.051636,-0.111938,-0.029785,-3.067017,-0.999451,1.251221,0.0,0.0,0.0
2022-08-31 21:38:29.047578+00:00,1661981909.0475783,22365.01,10.718,1.051758,-0.116455,-0.030762,-3.097534,-0.892639,1.266479,0.0,0.0,0.0
2022-08-31 21:38:29.068068+00:00,1661981909.0680683,22365.03,10.712,1.057007,-0.110107,-0.027832,-3.02124,-0.907898,1.243591,0.0,0.0,0.0
2022-08-31 21:38:29.088557+00:00,1661981909.0885572,22365.05,10.709,1.049072,-0.116455,-0.014282,-2.998352,-1.045227,1.182556,0.0,0.0,0.0
2022-08-31 21:38:29.109064+00:00,1661981909.109064,22365.07,10.682,1.057617,-0.115356,-0.011353,-3.005981,-1.098633,1.075745,0.0,0.0,0.0
2022-08-31 21:38:29.129742+00:00,1661981909.1297421,22365.09,10.718,1.052246,-0.115723,-0.009521,-2.983093,-1.243591,1.091003,0.0,0.0,0.0
2022-08-31 21:38:29.150256+00:00,1661981909.150256,22365.11,10.688,1.053345,-0.107788,-0.016479,-3.135681,-1.281738,1.068115,0.0,0.0,0.0
2022-08-31 21:38:29.170754+00:00,1661981909.1707542,22365.13,10.694,1.056519,-0.110352,-0.020752,-3.013611,-1.281738,1.121521,0.0,0.0,0.0
2022-08-31 21:38:29.191232+00:00,1661981909.1912324,22365.15,10.703,1.051636,-0.109863,-0.025024,-3.181458,-1.205444,1.182556,0.0,0.0,0.0
2022-08-31 21:38:29.211835+00:00,1661981909.2118351,22365.17,10.703,1.054199,-0.110596,-0.02478,-3.067017,-1.113892,1.174927,0.0,0.0,0.0
2022-08-31 21:38:29.232879+00:00,1661981909.2328787,22365.19,10.688,1.05249,-0.112549,-0.026489,-3.044128,-1.068115,1.235962,0.0,0.0,0.0
2022-08-31 21:38:29.252935+00:00,1661981909.2529347,22365.21,10.7,1.054932,-0.116211,-0.022339,-3.105164,-0.976562,1.190186,0.0,0.0,0.0
2022-08-31 21:38:29.276008+00:00,1661981909.2760077,22365.23,10.688,1.053711,-0.112671,-0.0177,-3.02124,-0.953674,1.167297,0.0,0.0,0.0
2022-08-31 21:38:29.296539+00:00,1661981909.2965388,22365.26,10.691,1.051147,-0.118896,-0.013428,-3.059387,-1.113892,1.113892,0.0,0.0,0.0
2022-08-31 21:38:29.316896+00:00,1661981909.3168957,22365.28,10.694,1.054199,-0.110474,-0.011108,-3.044128,-1.182556,1.052856,0.0,0.0,0.0
2022-08-31 21:38:29.337273+00:00,1661981909.3372731,22365.3,10.691,1.05481,-0.11145,-0.013916,-3.105164,-1.342773,1.106262,0.0,0.0,0.0
2022-08-31 21:38:29.357585+00:00,1661981909.3575847,22365.32,10.685,1.055176,-0.109497,-0.018799,-3.059387,-1.335144,1.075745,0.0,0.0,0.0
2022-08-31 21:38:29.377864+00:00,1661981909.377864,22365.34,10.703,1.057129,-0.109497,-0.02417,-3.02124,-1.358032,1.106262,0.0,0.0,0.0
2022-08-31 21:38:29.398122+00:00,1661981909.3981218,22365.36,10.682,1.053711,-0.110596,-0.02417,-2.967834,-1.182556,1.174927,0.0,0.0,0.0
2022-08-31 21:38:29.418375+00:00,1661981909.418375,22365.38,10.685,1.054077,-0.112061,-0.027344,-3.074646,-1.052856,1.182556,0.0,0.0,0.0
2022-08-31 21:38:29.438630+00:00,1661981909.4386296,22365.4,10.7,1.053101,-0.109985,-0.022949,-3.02887,-1.014709,1.25885,0.0,0.0,0.0
2022-08-31 21:38:29.458915+00:00,1661981909.4589155,22365.42,10.697,1.051636,-0.114014,-0.019775,-3.089905,-0.930786,1.197815,0.0,0.0,0.0
2022-08-31 21:38:29.479174+00:00,1661981909.479174,22365.44,10.685,1.052612,-0.11377,-0.016846,-3.044128,-1.029968,1.174927,0.0,0.0,0.0
2022-08-31 21:38:29.499427+00:00,1661981909.499427,22365.46,10.685,1.055176,-0.113647,-0.010986,-2.983093,-1.091003,1.159668,0.0,0.0,0.0
2022-08-31 21:38:29.519694+00:00,1661981909.5196943,22365.48,10.697,1.052612,-0.113037,-0.016113,-3.074646,-1.197815,1.121521,0.0,0.0,0.0
2022-08-31 21:38:29.539960+00:00,1661981909.5399601,22365.5,10.685,1.056152,-0.114136,-0.016235,-3.036499,-1.289368,1.052856,0.0,0.0,0.0
2022-08-31 21:38:29.560240+00:00,1661981909.56024,22365.52,10.7,1.050171,-0.111694,-0.022827,-3.074646,-1.25885,1.144409,0.0,0.0,0.0
2022-08-31 21:38:29.580489+00:00,1661981909.5804892,22365.54,10.685,1.055786,-0.108276,-0.02771,-3.036499,-1.243591,1.121521,0.0,0.0,0.0
2022-08-31 21:38:29.600737+00:00,1661981909.6007369,22365.56,10.685,1.050293,-0.110718,-0.026367,-3.02124,-1.098633,1.243591,0.0,0.0,0.0
2022-08-31 21:38:29.621048+00:00,1661981909.6210477,22365.58,10.694,1.052856,-0.112427,-0.026733,-3.051758,-1.014709,1.182556,0.0,0.0,0.0
2022-08-31 21:38:29.641296+00:00,1661981909.6412961,22365.6,10.7,1.052368,-0.110962,-0.020752,-3.02887,-0.976562,1.228333,0.0,0.0,0.0
2022-08-31 21:38:29.661608+00:00,1661981909.6616085,22365.62,10.685,1.050659,-0.117065,-0.016479,-3.082275,-0.984192,1.213074,0.0,0.0,0.0
2022-08-31 21:38:29.681866+00:00,1661981909.6818657,22365.64,10.688,1.054077,-0.114502,-0.009644,-3.105164,-0.976562,1.174927,0.0,0.0,0.0
2022-08-31 21:38:29.702133+00:00,1661981909.7021334,22365.66,10.694,1.052856,-0.115601,-0.014893,-3.105164,-1.075745,1.174927,0.0,0.0,0.0
2022-08-31 21:38:29.722377+00:00,1661981909.7223766,22365.68,10.691,1.054688,-0.114868,-0.013428,-3.097534,-1.220703,1.144409,0.0,0.0,0.0
2022-08-31 21:38:29.742615+00:00,1661981909.7426145,22365.7,10.697,1.055176,-0.110718,-0.015869,-3.02887,-1.312256,1.121521,0.0,0.0,0.0
2022-08-31 21:38:29.762888+00:00,1661981909.7628877,22365.72,10.706,1.053101,-0.113281,-0.021851,-3.082275,-1.266479,1.144409,0.0,0.0,0.0
2022-08-31 21:38:29.783205+00:00,1661981909.783205,22365.74,10.682,1.05481,-0.110596,-0.024536,-3.112793,-1.167297,1.068115,0.0,0.0,0.0
2022-08-31 21:38:29.803459+00:00,1661981909.8034592,22365.76,10.685,1.052368,-0.109741,-0.025757,-3.067017,-1.12915,1.197815,0.0,0.0,0.0
2022-08-31 21:38:29.823727+00:00,1661981909.8237267,22365.78,10.697,1.055664,-0.111816,-0.026978,-3.044128,-1.029968,1.220703,0.0,0.0,0.0
2022-08-31 21:38:29.843998+00:00,1661981909.8439982,22365.8,10.679,1.052612,-0.111206,-0.022339,-3.082275,-0.984192,1.205444,0.0,0.0,0.0
2022-08-31 21:38:29.864356+00:00,1661981909.8643563,22365.82,10.688,1.051758,-0.11377,-0.017822,-3.059387,-1.022339,1.197815,0.0,0.0,0.0
2022-08-31 21:38:29.884625+00:00,1661981909.884625,22365.84,10.7,1.054321,-0.114136,-0.010986,-3.02887,-1.037598,1.113892,0.0,0.0,0.0
2022-08-31 21:38:29.904876+00:00,1661981909.904876,22365.86,10.682,1.052856,-0.115234,-0.01123,-3.02887,-1.144409,1.174927,0.0,0.0,0.0
2022-08-31 21:38:29.925129+00:00,1661981909.9251287,22365.88,10.703,1.052734,-0.114746,-0.017578,-3.02887,-1.274109,1.083374,0.0,0.0,0.0
2022-08-31 21:38:29.945399+00:00,1661981909.9453988,22365.9,10.715,1.054688,-0.113647,-0.019165,-3.013611,-1.289368,1.167297,0.0,0.0,0.0
2022-08-31 21:38:29.965872+00:00,1661981909.9658718,22365.92,10.697,1.054321,-0.112427,-0.025879,-3.067017,-1.25885,1.106262,0.0,0.0,0.0
2022-08-31 21:38:29.986162+00:00,1661981909.9861617,22365.94,10.694,1.053711,-0.109253,-0.0271,-3.074646,-1.091003,1.098633,0.0,0.0,0.0
2022-08-31 21:38:30.006617+00:00,1661981910.0066168,22365.97,10.682,1.055542,-0.110596,-0.023438,-2.990723,-1.029968,1.235962,0.0,0.0,0.0
2022-08-31 21:38:30.026874+00:00,1661981910.0268743,22365.99,10.715,1.052368,-0.111572,-0.019043,-3.097534,-1.00708,1.174927,0.0,0.0,0.0
2022-08-31 21:38:30.047127+00:00,1661981910.0471275,22366.01,10.7,1.054565,-0.111206,-0.017822,-3.059387,-1.037598,1.174927,0.0,0.0,0.0
2022-08-31 21:38:30.067456+00:00,1661981910.0674555,22366.03,10.697,1.052246,-0.113403,-0.011475,-3.059387,-1.00708,1.197815,0.0,0.0,0.0
2022-08-31 21:38:30.085817+00:00,1661981910.0858166,22366.04,10.688,1.051636,-0.115845,-0.01355,-3.143311,-1.152039,1.174927,0.0,0.0,0.0
2022-08-31 21:38:30.106299+00:00,1661981910.1062994,22366.06,10.682,1.053711,-0.115723,-0.013794,-3.036499,-1.213074,1.12915,0.0,0.0,0.0
2022-08-31 21:38:30.128884+00:00,1661981910.1288843,22366.09,10.682,1.051392,-0.115967,-0.020752,-3.013611,-1.327515,1.144409,0.0,0.0,0.0
2022-08-31 21:38:30.147212+00:00,1661981910.1472123,22366.11,10.691,1.055054,-0.115356,-0.023438,-3.02887,-1.220703,1.113892,0.0,0.0,0.0
2022-08-31 21:38:30.167749+00:00,1661981910.1677494,22366.13,10.685,1.053345,-0.113525,-0.021851,-3.02887,-1.228333,1.121521,0.0,0.0,0.0
2022-08-31 21:38:30.188244+00:00,1661981910.1882436,22366.15,10.691,1.054321,-0.112549,-0.026245,-3.105164,-1.106262,1.144409,0.0,0.0,0.0
2022-08-31 21:38:30.208726+00:00,1661981910.208726,22366.17,10.7,1.05542,-0.110718,-0.026733,-3.067017,-1.083374,1.152039,0.0,0.0,0.0
2022-08-31 21:38:30.229207+00:00,1661981910.2292066,22366.19,10.703,1.052612,-0.114624,-0.020264,-3.067017,-0.991821,1.159668,0.0,0.0,0.0
2022-08-31 21:38:30.249734+00:00,1661981910.2497344,22366.21,10.697,1.054321,-0.111084,-0.016846,-3.051758,-1.00708,1.174927,0.0,0.0,0.0
2022-08-31 21:38:30.270238+00:00,1661981910.2702384,22366.23,10.727,1.052246,-0.115723,-0.010864,-3.036499,-1.106262,1.182556,0.0,0.0,0.0
2022-08-31 21:38:30.290716+00:00,1661981910.2907164,22366.25,10.712,1.054077,-0.114746,-0.015625,-2.998352,-1.174927,1.159668,0.0,0.0,0.0
2022-08-31 21:38:30.311222+00:00,1661981910.3112223,22366.27,10.685,1.05249,-0.111694,-0.016357,-3.059387,-1.220703,1.159668,0.0,0.0,0.0
2022-08-31 21:38:30.331725+00:00,1661981910.3317251,22366.29,10.682,1.050049,-0.115723,-0.017334,-3.044128,-1.289368,1.106262,0.0,0.0,0.0
2022-08-31 21:38:30.352224+00:00,1661981910.3522236,22366.31,10.703,1.053833,-0.111328,-0.022217,-3.067017,-1.228333,1.083374,0.0,0.0,0.0
2022-08-31 21:38:30.372702+00:00,1661981910.3727016,22366.33,10.718,1.053345,-0.111084,-0.026123,-3.051758,-1.174927,1.182556,0.0,0.0,0.0
2022-08-31 21:38:30.393170+00:00,1661981910.3931704,22366.35,10.685,1.051147,-0.11145,-0.024658,-3.051758,-1.12915,1.159668,0.0,0.0,0.0
2022-08-31 21:38:30.413674+00:00,1661981910.4136739,22366.37,10.694,1.052734,-0.11145,-0.021484,-3.036499,-1.00708,1.152039,0.0,0.0,0.0
2022-08-31 21:38:30.434157+00:00,1661981910.4341571,22366.39,10.682,1.053345,-0.112915,-0.018066,-2.998352,-1.022339,1.152039,0.0,0.0,0.0
2022-08-31 21:38:30.456743+00:00,1661981910.4567432,22366.42,10.7,1.052124,-0.110352,-0.016235,-3.02887,-1.068115,1.159668,0.0,0.0,0.0
2022-08-31 21:38:30.475074+00:00,1661981910.4750736,22366.43,10.691,1.052368,-0.113647,-0.014404,-2.983093,-1.13678,1.213074,0.0,0.0,0.0
2022-08-31 21:38:30.495582+00:00,1661981910.495582,22366.45,10.688,1.051025,-0.115234,-0.012939,-3.02124,-1.167297,1.091003,0.0,0.0,0.0
2022-08-31 21:38:30.516060+00:00,1661981910.5160599,22366.47,10.688,1.053833,-0.112793,-0.02063,-3.013611,-1.304626,1.167297,0.0,0.0,0.0
2022-08-31 21:38:30.536567+00:00,1661981910.536567,22366.5,10.688,1.049683,-0.114502,-0.022217,-3.036499,-1.281738,1.152039,0.0,0.0,0.0
2022-08-31 21:38:30.557075+00:00,1661981910.5570753,22366.52,10.703,1.052979,-0.110962,-0.023926,-3.051758,-1.190186,1.144409,0.0,0.0,0.0
2022-08-31 21:38:30.577559+00:00,1661981910.5775592,22366.54,10.691,1.053467,-0.112793,-0.023926,-3.036499,-1.13678,1.174927,0.0,0.0,0.0
2022-08-31 21:38:30.598039+00:00,1661981910.5980394,22366.56,10.697,1.054077,-0.111816,-0.020752,-3.036499,-1.00708,1.174927,0.0,0.0,0.0
2022-08-31 21:38:30.618515+00:00,1661981910.6185145,22366.58,10.682,1.053345,-0.109741,-0.021362,-3.067017,-1.022339,1.121521,0.0,0.0,0.0
2022-08-31 21:38:30.638984+00:00,1661981910.638984,22366.6,10.694,1.052246,-0.114502,-0.018799,-3.051758,-1.098633,1.205444,0.0,0.0,0.0
2022-08-31 21:38:30.659490+00:00,1661981910.6594899,22366.62,10.688,1.053711,-0.114014,-0.017212,-3.02887,-1.121521,1.243591,0.0,0.0,0.0
2022-08-31 21:38:30.679970+00:00,1661981910.6799695,22366.64,10.694,1.055176,-0.114746,-0.012207,-3.013611,-1.182556,1.190186,0.0,0.0,0.0
2022-08-31 21:38:30.700452+00:00,1661981910.7004516,22366.66,10.703,1.053589,-0.115601,-0.019165,-3.051758,-1.243591,1.121521,0.0,0.0,0.0
2022-08-31 21:38:30.720924+00:00,1661981910.7209241,22366.68,10.703,1.053833,-0.115356,-0.016724,-3.036499,-1.296997,1.182556,0.0,0.0,0.0
2022-08-31 21:38:30.741398+00:00,1661981910.7413976,22366.7,10.718,1.055908,-0.114502,-0.021118,-3.013611,-1.213074,1.159668,0.0,0.0,0.0
2022-08-31 21:38:30.761888+00:00,1661981910.761888,22366.72,10.7,1.053101,-0.111816,-0.024658,-3.036499,-1.13678,1.152039,0.0,0.0,0.0
2022-08-31 21:38:30.782362+00:00,1661981910.7823625,22366.74,10.673,1.053223,-0.112549,-0.028809,-3.051758,-1.113892,1.167297,0.0,0.0,0.0
2022-08-31 21:38:30.802837+00:00,1661981910.8028367,22366.76,10.7,1.053467,-0.109863,-0.022705,-3.044128,-1.052856,1.167297,0.0,0.0,0.0
2022-08-31 21:38:30.823315+00:00,1661981910.823315,22366.78,10.7,1.052368,-0.112427,-0.019409,-3.074646,-0.999451,1.113892,0.0,0.0,0.0
2022-08-31 21:38:30.843796+00:00,1661981910.8437958,22366.8,10.685,1.053833,-0.112671,-0.013428,-3.089905,-1.106262,1.197815,0.0,0.0,0.0
2022-08-31 21:38:30.864288+00:00,1661981910.8642879,22366.82,10.721,1.056152,-0.114624,-0.01416,-3.059387,-1.12915,1.182556,0.0,0.0,0.0
2022-08-31 21:38:30.884770+00:00,1661981910.8847702,22366.84,10.724,1.053345,-0.113647,-0.014526,-3.051758,-1.197815,1.205444,0.0,0.0,0.0
2022-08-31 21:38:30.905247+00:00,1661981910.9052474,22366.86,10.712,1.050659,-0.115723,-0.019653,-3.097534,-1.289368,1.152039,0.0,0.0,0.0
2022-08-31 21:38:30.925720+00:00,1661981910.9257202,22366.88,10.703,1.05481,-0.113647,-0.018921,-3.044128,-1.243591,1.075745,0.0,0.0,0.0
2022-08-31 21:38:30.946201+00:00,1661981910.9462006,22366.9,10.706,1.05249,-0.115234,-0.02478,-3.044128,-1.213074,1.174927,0.0,0.0,0.0
2022-08-31 21:38:30.968735+00:00,1661981910.9687347,22366.93,10.691,1.052246,-0.114624,-0.024902,-3.044128,-1.13678,1.159668,0.0,0.0,0.0
2022-08-31 21:38:30.987069+00:00,1661981910.9870691,22366.95,10.703,1.054932,-0.110352,-0.022339,-2.990723,-1.060486,1.113892,0.0,0.0,0.0
2022-08-31 21:38:31.007583+00:00,1661981911.0075831,22366.97,10.703,1.054077,-0.114624,-0.021729,-3.074646,-1.106262,1.12915,0.0,0.0,0.0
2022-08-31 21:38:31.028071+00:00,1661981911.0280714,22366.99,10.712,1.057251,-0.110352,-0.017334,-3.089905,-1.045227,1.152039,0.0,0.0,0.0
2022-08-31 21:38:31.048703+00:00,1661981911.048703,22367.01,10.688,1.053833,-0.113892,-0.01355,-2.998352,-1.121521,1.152039,0.0,0.0,0.0
2022-08-31 21:38:31.069250+00:00,1661981911.06925,22367.03,10.706,1.054932,-0.112061,-0.015991,-3.044128,-1.159668,1.144409,0.0,0.0,0.0
2022-08-31 21:38:31.089751+00:00,1661981911.0897508,22367.05,10.694,1.057495,-0.114258,-0.017578,-3.044128,-1.235962,1.205444,0.0,0.0,0.0
2022-08-31 21:38:31.110233+00:00,1661981911.110233,22367.07,10.691,1.05188,-0.114258,-0.018677,-3.02887,-1.228333,1.152039,0.0,0.0,0.0
2022-08-31 21:38:31.130718+00:00,1661981911.1307182,22367.09,10.706,1.053589,-0.11145,-0.023071,-3.013611,-1.235962,1.159668,0.0,0.0,0.0
2022-08-31 21:38:31.151224+00:00,1661981911.151224,22367.11,10.694,1.053589,-0.113159,-0.022217,-2.998352,-1.197815,1.121521,0.0,0.0,0.0
2022-08-31 21:38:31.171731+00:00,1661981911.1717312,22367.13,10.703,1.053589,-0.111816,-0.022461,-3.02887,-1.045227,1.144409,0.0,0.0,0.0
2022-08-31 21:38:31.194373+00:00,1661981911.1943734,22367.15,10.7,1.056763,-0.112061,-0.023193,-3.120422,-1.022339,1.12915,0.0,0.0,0.0
2022-08-31 21:38:31.212719+00:00,1661981911.2127194,22367.17,10.712,1.051636,-0.11084,-0.018433,-3.051758,-1.068115,1.144409,0.0,0.0,0.0
2022-08-31 21:38:31.233210+00:00,1661981911.2332103,22367.19,10.694,1.053711,-0.115112,-0.015747,-3.051758,-1.068115,1.190186,0.0,0.0,0.0
2022-08-31 21:38:31.253690+00:00,1661981911.2536898,22367.21,10.694,1.053101,-0.114014,-0.009644,-3.044128,-1.121521,1.174927,0.0,0.0,0.0
2022-08-31 21:38:31.274216+00:00,1661981911.2742164,22367.23,10.688,1.054199,-0.110474,-0.016968,-3.082275,-1.174927,1.182556,0.0,0.0,0.0
2022-08-31 21:38:31.294762+00:00,1661981911.2947621,22367.25,10.7,1.053589,-0.113037,-0.019043,-3.044128,-1.197815,1.152039,0.0,0.0,0.0
2022-08-31 21:38:31.315268+00:00,1661981911.3152678,22367.27,10.682,1.052979,-0.11499,-0.022949,-3.059387,-1.25885,1.13678,0.0,0.0,0.0
2022-08-31 21:38:31.337817+00:00,1661981911.3378174,22367.3,10.697,1.054688,-0.113647,-0.025757,-3.074646,-1.13678,1.113892,0.0,0.0,0.0
2022-08-31 21:38:31.356142+00:00,1661981911.356142,22367.31,10.712,1.053345,-0.115112,-0.022583,-3.059387,-1.12915,1.144409,0.0,0.0,0.0
2022-08-31 21:38:31.376245+00:00,1661981911.3762445,22367.34,10.703,1.053711,-0.11499,-0.022339,-3.051758,-1.068115,1.144409,0.0,0.0,0.0
2022-08-31 21:38:31.398888+00:00,1661981911.3988883,22367.36,10.685,1.054443,-0.111938,-0.018799,-3.067017,-1.075745,1.144409,0.0,0.0,0.0
2022-08-31 21:38:31.417264+00:00,1661981911.417264,22367.38,10.697,1.054932,-0.111206,-0.019653,-3.067017,-1.060486,1.182556,0.0,0.0,0.0
2022-08-31 21:38:31.437774+00:00,1661981911.437774,22367.4,10.688,1.053955,-0.111938,-0.013794,-3.067017,-1.029968,1.13678,0.0,0.0,0.0
2022-08-31 21:38:31.458260+00:00,1661981911.45826,22367.42,10.7,1.053101,-0.11084,-0.016113,-3.005981,-1.174927,1.159668,0.0,0.0,0.0
2022-08-31 21:38:31.478756+00:00,1661981911.4787564,22367.44,10.706,1.053467,-0.112305,-0.017822,-3.059387,-1.251221,1.167297,0.0,0.0,0.0
2022-08-31 21:38:31.499242+00:00,1661981911.4992418,22367.46,10.712,1.05603,-0.11438,-0.018799,-3.044128,-1.251221,1.144409,0.0,0.0,0.0
2022-08-31 21:38:31.521737+00:00,1661981911.521737,22367.48,10.697,1.053101,-0.11377,-0.021851,-3.013611,-1.190186,1.113892,0.0,0.0,0.0
2022-08-31 21:38:31.540186+00:00,1661981911.5401864,22367.5,10.697,1.054321,-0.111694,-0.02478,-3.036499,-1.144409,1.075745,0.0,0.0,0.0
2022-08-31 21:38:31.560678+00:00,1661981911.5606782,22367.52,10.691,1.05542,-0.110352,-0.025024,-3.036499,-1.083374,1.12915,0.0,0.0,0.0
2022-08-31 21:38:31.583191+00:00,1661981911.5831912,22367.54,10.703,1.051636,-0.114258,-0.022217,-3.067017,-1.075745,1.167297,0.0,0.0,0.0
2022-08-31 21:38:31.601506+00:00,1661981911.6015062,22367.56,10.7,1.057129,-0.109863,-0.017212,-3.044128,-1.045227,1.144409,0.0,0.0,0.0
2022-08-31 21:38:31.621990+00:00,1661981911.62199,22367.58,10.715,1.054688,-0.112671,-0.013672,-3.059387,-1.022339,1.152039,0.0,0.0,0.0
2022-08-31 21:38:31.642799+00:00,1661981911.6427994,22367.6,10.706,1.054688,-0.113281,-0.015625,-3.044128,-1.113892,1.121521,0.0,0.0,0.0
2022-08-31 21:38:31.665437+00:00,1661981911.6654365,22367.62,10.697,1.052612,-0.112549,-0.017334,-3.044128,-1.228333,1.213074,0.0,0.0,0.0
2022-08-31 21:38:31.685753+00:00,1661981911.6857533,22367.64,10.691,1.054443,-0.112183,-0.020508,-3.067017,-1.197815,1.12915,0.0,0.0,0.0
2022-08-31 21:38:31.706031+00:00,1661981911.7060308,22367.66,10.706,1.052246,-0.112427,-0.022095,-3.074646,-1.266479,1.152039,0.0,0.0,0.0
2022-08-31 21:38:31.726290+00:00,1661981911.7262905,22367.68,10.703,1.052368,-0.113647,-0.022217,-3.02887,-1.144409,1.159668,0.0,0.0,0.0
2022-08-31 21:38:31.746612+00:00,1661981911.7466123,22367.71,10.688,1.053955,-0.111084,-0.026123,-3.067017,-1.052856,1.144409,0.0,0.0,0.0
2022-08-31 21:38:31.766962+00:00,1661981911.7669618,22367.73,10.682,1.054321,-0.108398,-0.023438,-3.051758,-1.091003,1.144409,0.0,0.0,0.0
2022-08-31 21:38:31.787245+00:00,1661981911.7872453,22367.75,10.715,1.055908,-0.114746,-0.019531,-3.02124,-1.045227,1.167297,0.0,0.0,0.0
2022-08-31 21:38:31.807528+00:00,1661981911.8075283,22367.77,10.67,1.053833,-0.112305,-0.017578,-3.074646,-0.984192,1.13678,0.0,0.0,0.0
2022-08-31 21:38:31.827789+00:00,1661981911.8277893,22367.79,10.691,1.054077,-0.116821,-0.016479,-3.036499,-1.144409,1.144409,0.0,0.0,0.0
2022-08-31 21:38:31.848048+00:00,1661981911.8480477,22367.81,10.676,1.053711,-0.11084,-0.015381,-3.105164,-1.197815,1.113892,0.0,0.0,0.0
2022-08-31 21:38:31.868341+00:00,1661981911.868341,22367.83,10.703,1.054443,-0.11145,-0.015747,-3.02887,-1.213074,1.159668,0.0,0.0,0.0
2022-08-31 21:38:31.888628+00:00,1661981911.8886278,22367.85,10.697,1.054932,-0.113281,-0.019653,-2.960205,-1.25885,1.213074,0.0,0.0,0.0
2022-08-31 21:38:31.908899+00:00,1661981911.908899,22367.87,10.694,1.053467,-0.113037,-0.020996,-3.112793,-1.197815,1.152039,0.0,0.0,0.0
2022-08-31 21:38:31.929155+00:00,1661981911.9291549,22367.89,10.685,1.053589,-0.113281,-0.020752,-3.089905,-1.167297,1.182556,0.0,0.0,0.0
2022-08-31 21:38:31.949419+00:00,1661981911.9494188,22367.91,10.682,1.053589,-0.111084,-0.021362,-3.074646,-1.113892,1.190186,0.0,0.0,0.0
2022-08-31 21:38:31.969707+00:00,1661981911.969707,22367.93,10.706,1.055176,-0.112671,-0.022461,-3.082275,-1.014709,1.152039,0.0,0.0,0.0
2022-08-31 21:38:31.990143+00:00,1661981911.990143,22367.95,10.697,1.05188,-0.113403,-0.016724,-3.02887,-0.984192,1.113892,0.0,0.0,0.0
2022-08-31 21:38:32.010945+00:00,1661981912.0109446,22367.97,10.694,1.052734,-0.109497,-0.016724,-3.051758,-1.091003,1.159668,0.0,0.0,0.0
2022-08-31 21:38:32.031381+00:00,1661981912.0313811,22367.99,10.7,1.05188,-0.113281,-0.018188,-3.036499,-1.167297,1.144409,0.0,0.0,0.0
2022-08-31 21:38:32.052521+00:00,1661981912.0525212,22368.01,10.694,1.054077,-0.11145,-0.019043,-3.036499,-1.205444,1.098633,0.0,0.0,0.0
2022-08-31 21:38:32.071340+00:00,1661981912.0713398,22368.03,10.694,1.054199,-0.112549,-0.017456,-3.067017,-1.251221,1.213074,0.0,0.0,0.0
2022-08-31 21:38:32.091964+00:00,1661981912.091964,22368.05,10.685,1.053101,-0.112671,-0.015381,-3.051758,-1.174927,1.190186,0.0,0.0,0.0
2022-08-31 21:38:32.112587+00:00,1661981912.1125872,22368.07,10.691,1.055542,-0.113647,-0.020752,-3.02124,-1.075745,1.121521,0.0,0.0,0.0
2022-08-31 21:38:32.133231+00:00,1661981912.1332312,22368.09,10.703,1.055664,-0.11499,-0.020874,-3.044128,-1.091003,1.152039,0.0,0.0,0.0
2022-08-31 21:38:32.153772+00:00,1661981912.1537724,22368.11,10.718,1.050293,-0.112305,-0.024658,-3.074646,-1.075745,1.190186,0.0,0.0,0.0
2022-08-31 21:38:32.175300+00:00,1661981912.1753004,22368.13,10.694,1.054199,-0.110962,-0.019409,-3.013611,-1.075745,1.152039,0.0,0.0,0.0
2022-08-31 21:38:32.194693+00:00,1661981912.194693,22368.15,10.691,1.052612,-0.11377,-0.014038,-3.02124,-1.037598,1.182556,0.0,0.0,0.0
2022-08-31 21:38:32.216803+00:00,1661981912.216803,22368.18,10.682,1.05603,-0.113647,-0.01709,-3.120422,-1.083374,1.144409,0.0,0.0,0.0
2022-08-31 21:38:32.236219+00:00,1661981912.2362192,22368.19,10.688,1.053711,-0.111938,-0.016968,-3.044128,-1.190186,1.159668,0.0,0.0,0.0
2022-08-31 21:38:32.257682+00:00,1661981912.2576818,22368.22,10.712,1.05188,-0.114624,-0.018188,-3.074646,-1.197815,1.167297,0.0,0.0,0.0
2022-08-31 21:38:32.277191+00:00,1661981912.2771914,22368.24,10.703,1.054199,-0.110962,-0.019287,-3.044128,-1.159668,1.174927,0.0,0.0,0.0
2022-08-31 21:38:32.298877+00:00,1661981912.2988765,22368.26,10.685,1.05249,-0.112427,-0.021973,-3.044128,-1.159668,1.159668,0.0,0.0,0.0
2022-08-31 21:38:32.318237+00:00,1661981912.3182368,22368.28,10.703,1.054932,-0.112549,-0.022339,-3.044128,-1.106262,1.144409,0.0,0.0,0.0
2022-08-31 21:38:32.338809+00:00,1661981912.3388088,22368.3,10.709,1.053711,-0.11438,-0.022217,-3.074646,-1.083374,1.121521,0.0,0.0,0.0
2022-08-31 21:38:32.360384+00:00,1661981912.3603835,22368.32,10.697,1.052246,-0.113281,-0.021973,-3.02124,-1.037598,1.121521,0.0,0.0,0.0
2022-08-31 21:38:32.379838+00:00,1661981912.3798385,22368.34,10.706,1.052979,-0.116455,-0.019775,-3.082275,-1.029968,1.152039,0.0,0.0,0.0
2022-08-31 21:38:32.401399+00:00,1661981912.4013994,22368.36,10.694,1.053833,-0.115723,-0.015991,-3.067017,-1.060486,1.113892,0.0,0.0,0.0
2022-08-31 21:38:32.421912+00:00,1661981912.421912,22368.38,10.688,1.055664,-0.113159,-0.016724,-3.059387,-1.113892,1.091003,0.0,0.0,0.0
2022-08-31 21:38:32.442397+00:00,1661981912.4423974,22368.4,10.682,1.052734,-0.114258,-0.02063,-3.059387,-1.182556,1.182556,0.0,0.0,0.0
2022-08-31 21:38:32.462852+00:00,1661981912.4628515,22368.42,10.694,1.052734,-0.110962,-0.020386,-3.089905,-1.182556,1.121521,0.0,0.0,0.0
2022-08-31 21:38:32.484338+00:00,1661981912.4843378,22368.44,10.685,1.052612,-0.114624,-0.024536,-3.089905,-1.251221,1.159668,0.0,0.0,0.0
2022-08-31 21:38:32.504616+00:00,1661981912.5046158,22368.46,10.685,1.052368,-0.112427,-0.019653,-3.105164,-1.197815,1.213074,0.0,0.0,0.0
2022-08-31 21:38:32.524880+00:00,1661981912.5248797,22368.48,10.694,1.052124,-0.113525,-0.024292,-3.02124,-1.121521,1.174927,0.0,0.0,0.0
2022-08-31 21:38:32.545157+00:00,1661981912.545157,22368.5,10.721,1.054688,-0.111938,-0.019165,-3.044128,-1.075745,1.220703,0.0,0.0,0.0
2022-08-31 21:38:32.565888+00:00,1661981912.5658884,22368.52,10.709,1.055786,-0.113892,-0.016357,-3.051758,-1.13678,1.174927,0.0,0.0,0.0
2022-08-31 21:38:32.586272+00:00,1661981912.5862725,22368.54,10.685,1.054443,-0.111206,-0.022339,-3.02124,-1.075745,1.167297,0.0,0.0,0.0
2022-08-31 21:38:32.606556+00:00,1661981912.6065557,22368.57,10.694,1.05481,-0.112671,-0.014893,-3.059387,-1.144409,1.13678,0.0,0.0,0.0
2022-08-31 21:38:32.626856+00:00,1661981912.626856,22368.59,10.691,1.05127,-0.112671,-0.016235,-3.089905,-1.12915,1.159668,0.0,0.0,0.0
2022-08-31 21:38:32.647129+00:00,1661981912.6471293,22368.61,10.673,1.051636,-0.113647,-0.017578,-2.967834,-1.174927,1.121521,0.0,0.0,0.0
2022-08-31 21:38:32.667435+00:00,1661981912.667435,22368.63,10.676,1.052856,-0.113525,-0.018921,-3.074646,-1.251221,1.152039,0.0,0.0,0.0
2022-08-31 21:38:32.687747+00:00,1661981912.6877475,22368.65,10.664,1.053101,-0.11084,-0.021484,-3.044128,-1.144409,1.167297,0.0,0.0,0.0
2022-08-31 21:38:32.708010+00:00,1661981912.70801,22368.67,10.697,1.052612,-0.109619,-0.021362,-3.013611,-1.13678,1.152039,0.0,0.0,0.0
2022-08-31 21:38:32.728272+00:00,1661981912.728272,22368.69,10.667,1.05249,-0.111328,-0.023071,-3.097534,-1.075745,1.174927,0.0,0.0,0.0
2022-08-31 21:38:32.748528+00:00,1661981912.7485275,22368.71,10.685,1.053955,-0.113525,-0.01709,-3.036499,-1.083374,1.182556,0.0,0.0,0.0
2022-08-31 21:38:32.768845+00:00,1661981912.7688453,22368.73,10.682,1.050415,-0.112183,-0.016968,-3.074646,-1.060486,1.159668,0.0,0.0,0.0
2022-08-31 21:38:32.789106+00:00,1661981912.7891061,22368.75,10.694,1.053955,-0.111938,-0.018311,-3.074646,-1.098633,1.152039,0.0,0.0,0.0
2022-08-31 21:38:32.809361+00:00,1661981912.8093615,22368.77,10.694,1.055298,-0.112915,-0.016724,-3.036499,-1.152039,1.12915,0.0,0.0,0.0
2022-08-31 21:38:32.829619+00:00,1661981912.8296194,22368.79,10.697,1.053345,-0.112061,-0.019897,-3.112793,-1.174927,1.091003,0.0,0.0,0.0
2022-08-31 21:38:32.850039+00:00,1661981912.850039,22368.81,10.715,1.052002,-0.11145,-0.020264,-3.074646,-1.228333,1.144409,0.0,0.0,0.0
2022-08-31 21:38:32.870404+00:00,1661981912.8704035,22368.83,10.685,1.053345,-0.111938,-0.022461,-3.044128,-1.167297,1.152039,0.0,0.0,0.0
2022-08-31 21:38:32.890683+00:00,1661981912.8906834,22368.85,10.703,1.058594,-0.11145,-0.02063,-3.105164,-1.152039,1.167297,0.0,0.0,0.0
2022-08-31 21:38:32.910946+00:00,1661981912.9109457,22368.87,10.688,1.054321,-0.111206,-0.018188,-3.074646,-1.091003,1.205444,0.0,0.0,0.0
2022-08-31 21:38:32.931233+00:00,1661981912.9312332,22368.89,10.676,1.052368,-0.112061,-0.017334,-3.036499,-1.083374,1.113892,0.0,0.0,0.0
2022-08-31 21:38:32.951506+00:00,1661981912.9515061,22368.91,10.673,1.053467,-0.114502,-0.0177,-3.02887,-1.113892,1.152039,0.0,0.0,0.0
2022-08-31 21:38:32.971767+00:00,1661981912.9717667,22368.93,10.694,1.051758,-0.114624,-0.016479,-3.082275,-1.029968,1.167297,0.0,0.0,0.0
2022-08-31 21:38:32.992028+00:00,1661981912.992028,22368.95,10.688,1.050903,-0.113037,-0.018311,-3.067017,-1.144409,1.182556,0.0,0.0,0.0
2022-08-31 21:38:33.012292+00:00,1661981913.0122924,22368.97,10.67,1.051147,-0.112915,-0.018433,-3.005981,-1.213074,1.182556,0.0,0.0,0.0
2022-08-31 21:38:33.032546+00:00,1661981913.032546,22368.99,10.688,1.053589,-0.112549,-0.019775,-3.105164,-1.167297,1.121521,0.0,0.0,0.0
2022-08-31 21:38:33.052905+00:00,1661981913.0529053,22369.01,10.694,1.053223,-0.111938,-0.022095,-3.036499,-1.190186,1.152039,0.0,0.0,0.0
2022-08-31 21:38:33.073177+00:00,1661981913.0731773,22369.03,10.7,1.055786,-0.111938,-0.022217,-3.02887,-1.144409,1.152039,0.0,0.0,0.0
2022-08-31 21:38:33.093441+00:00,1661981913.0934412,22369.05,10.715,1.052979,-0.112671,-0.024048,-3.013611,-1.113892,1.159668,0.0,0.0,0.0
2022-08-31 21:38:33.113698+00:00,1661981913.113698,22369.07,10.7,1.05127,-0.11145,-0.020874,-3.074646,-1.083374,1.152039,0.0,0.0,0.0
2022-08-31 21:38:33.133952+00:00,1661981913.133952,22369.09,10.712,1.053833,-0.112549,-0.024048,-3.036499,-1.091003,1.205444,0.0,0.0,0.0
2022-08-31 21:38:33.154215+00:00,1661981913.1542149,22369.11,10.709,1.05249,-0.110718,-0.016968,-3.082275,-1.083374,1.167297,0.0,0.0,0.0
2022-08-31 21:38:33.174501+00:00,1661981913.1745007,22369.13,10.703,1.053711,-0.114136,-0.019775,-3.044128,-1.121521,1.182556,0.0,0.0,0.0
2022-08-31 21:38:33.194782+00:00,1661981913.194782,22369.15,10.697,1.053589,-0.114502,-0.015747,-3.067017,-1.12915,1.13678,0.0,0.0,0.0
2022-08-31 21:38:33.215036+00:00,1661981913.2150362,22369.17,10.697,1.056641,-0.114258,-0.016602,-3.135681,-1.197815,1.13678,0.0,0.0,0.0
2022-08-31 21:38:33.235290+00:00,1661981913.2352903,22369.19,10.706,1.055664,-0.114014,-0.018188,-3.036499,-1.25885,1.13678,0.0,0.0,0.0
2022-08-31 21:38:33.255547+00:00,1661981913.255547,22369.21,10.682,1.052612,-0.113037,-0.021729,-3.059387,-1.243591,1.098633,0.0,0.0,0.0
2022-08-31 21:38:33.275831+00:00,1661981913.275831,22369.23,10.691,1.053833,-0.110229,-0.022095,-3.074646,-1.174927,1.144409,0.0,0.0,0.0
2022-08-31 21:38:33.296091+00:00,1661981913.296091,22369.25,10.703,1.053223,-0.113892,-0.021118,-3.059387,-1.121521,1.12915,0.0,0.0,0.0
2022-08-31 21:38:33.316337+00:00,1661981913.3163366,22369.27,10.685,1.053467,-0.111938,-0.021729,-3.082275,-1.098633,1.205444,0.0,0.0,0.0
2022-08-31 21:38:33.336586+00:00,1661981913.3365865,22369.3,10.694,1.053833,-0.112915,-0.01709,-3.074646,-1.113892,1.235962,0.0,0.0,0.0
2022-08-31 21:38:33.356830+00:00,1661981913.3568301,22369.32,10.685,1.05249,-0.110718,-0.019897,-3.074646,-1.113892,1.144409,0.0,0.0,0.0
2022-08-31 21:38:33.377109+00:00,1661981913.3771086,22369.34,10.679,1.054199,-0.114746,-0.018433,-3.036499,-1.12915,1.144409,0.0,0.0,0.0
2022-08-31 21:38:33.397358+00:00,1661981913.3973584,22369.36,10.688,1.053101,-0.11145,-0.016724,-3.112793,-1.159668,1.121521,0.0,0.0,0.0
2022-08-31 21:38:33.417675+00:00,1661981913.4176745,22369.38,10.715,1.057861,-0.110962,-0.017822,-3.02124,-1.167297,1.13678,0.0,0.0,0.0
2022-08-31 21:38:33.437936+00:00,1661981913.437936,22369.4,10.7,1.052246,-0.112793,-0.017944,-3.067017,-1.182556,1.182556,0.0,0.0,0.0
2022-08-31 21:38:33.458255+00:00,1661981913.4582553,22369.42,10.697,1.05127,-0.113281,-0.019653,-3.067017,-1.220703,1.106262,0.0,0.0,0.0
2022-08-31 21:38:33.478556+00:00,1661981913.4785564,22369.44,10.688,1.056396,-0.112305,-0.022217,-3.067017,-1.121521,1.159668,0.0,0.0,0.0
2022-08-31 21:38:33.498928+00:00,1661981913.4989278,22369.46,10.676,1.053711,-0.114014,-0.023438,-3.158569,-1.091003,1.182556,0.0,0.0,0.0
2022-08-31 21:38:33.519200+00:00,1661981913.5191998,22369.48,10.676,1.054199,-0.110474,-0.019897,-3.059387,-1.113892,1.167297,0.0,0.0,0.0
2022-08-31 21:38:33.539463+00:00,1661981913.5394628,22369.5,10.7,1.052002,-0.113647,-0.018555,-3.044128,-1.052856,1.174927,0.0,0.0,0.0
2022-08-31 21:38:33.559719+00:00,1661981913.5597193,22369.52,10.694,1.052856,-0.11377,-0.016602,-3.02124,-1.121521,1.152039,0.0,0.0,0.0
2022-08-31 21:38:33.580686+00:00,1661981913.5806859,22369.54,10.721,1.053467,-0.111328,-0.016724,-3.044128,-1.152039,1.182556,0.0,0.0,0.0
2022-08-31 21:38:33.601208+00:00,1661981913.6012077,22369.56,10.697,1.053711,-0.112793,-0.016846,-3.013611,-1.190186,1.106262,0.0,0.0,0.0
2022-08-31 21:38:33.621713+00:00,1661981913.621713,22369.58,10.676,1.054077,-0.113403,-0.019409,-3.051758,-1.220703,1.144409,0.0,0.0,0.0
2022-08-31 21:38:33.642327+00:00,1661981913.6423273,22369.6,10.685,1.054199,-0.111694,-0.02124,-3.067017,-1.205444,1.144409,0.0,0.0,0.0
2022-08-31 21:38:33.662863+00:00,1661981913.6628628,22369.62,10.703,1.052124,-0.11084,-0.021362,-3.051758,-1.182556,1.152039,0.0,0.0,0.0
2022-08-31 21:38:33.683402+00:00,1661981913.6834016,22369.64,10.712,1.053467,-0.112549,-0.021729,-3.097534,-1.083374,1.167297,0.0,0.0,0.0
2022-08-31 21:38:33.703889+00:00,1661981913.7038894,22369.66,10.697,1.050537,-0.11438,-0.020142,-3.036499,-1.083374,1.174927,0.0,0.0,0.0
2022-08-31 21:38:33.724427+00:00,1661981913.7244272,22369.68,10.7,1.052002,-0.112915,-0.016724,-3.059387,-1.052856,1.182556,0.0,0.0,0.0
2022-08-31 21:38:33.745009+00:00,1661981913.7450094,22369.7,10.706,1.054077,-0.115112,-0.018188,-3.067017,-1.068115,1.190186,0.0,0.0,0.0
2022-08-31 21:38:33.765520+00:00,1661981913.7655199,22369.72,10.721,1.052246,-0.111694,-0.015747,-3.074646,-1.091003,1.152039,0.0,0.0,0.0
2022-08-31 21:38:33.786427+00:00,1661981913.7864275,22369.75,10.712,1.05603,-0.114258,-0.019165,-3.013611,-1.152039,1.205444,0.0,0.0,0.0
2022-08-31 21:38:33.805592+00:00,1661981913.805592,22369.76,10.721,1.051392,-0.110718,-0.017334,-3.074646,-1.182556,1.197815,0.0,0.0,0.0
2022-08-31 21:38:33.826144+00:00,1661981913.8261442,22369.78,10.694,1.052734,-0.114502,-0.019531,-3.051758,-1.12915,1.144409,0.0,0.0,0.0
2022-08-31 21:38:33.846647+00:00,1661981913.8466473,22369.81,10.688,1.051514,-0.115234,-0.020752,-3.059387,-1.12915,1.144409,0.0,0.0,0.0
2022-08-31 21:38:33.867165+00:00,1661981913.8671646,22369.83,10.676,1.051392,-0.109619,-0.022339,-3.074646,-1.106262,1.167297,0.0,0.0,0.0
2022-08-31 21:38:33.887778+00:00,1661981913.8877776,22369.85,10.703,1.054321,-0.111572,-0.022583,-3.02887,-1.144409,1.167297,0.0,0.0,0.0
2022-08-31 21:38:33.908365+00:00,1661981913.908365,22369.87,10.697,1.050781,-0.113403,-0.024414,-3.105164,-1.106262,1.190186,0.0,0.0,0.0
2022-08-31 21:38:33.928879+00:00,1661981913.9288788,22369.89,10.688,1.053955,-0.11377,-0.016846,-3.105164,-1.052856,1.152039,0.0,0.0,0.0
2022-08-31 21:38:33.949384+00:00,1661981913.9493845,22369.91,10.7,1.053345,-0.11377,-0.017334,-3.097534,-1.075745,1.13678,0.0,0.0,0.0
2022-08-31 21:38:33.969917+00:00,1661981913.9699168,22369.93,10.682,1.052368,-0.114258,-0.015015,-3.112793,-1.159668,1.167297,0.0,0.0,0.0
2022-08-31 21:38:33.990423+00:00,1661981913.9904232,22369.95,10.694,1.053345,-0.11377,-0.013794,-3.044128,-1.144409,1.197815,0.0,0.0,0.0
2022-08-31 21:38:34.010911+00:00,1661981914.010911,22369.97,10.682,1.05249,-0.116333,-0.018066,-3.044128,-1.159668,1.152039,0.0,0.0,0.0
2022-08-31 21:38:34.031404+00:00,1661981914.0314045,22369.99,10.682,1.054565,-0.111206,-0.02002,-3.097534,-1.152039,1.121521,0.0,0.0,0.0
2022-08-31 21:38:34.051973+00:00,1661981914.0519729,22370.01,10.682,1.051636,-0.114014,-0.025879,-3.051758,-1.228333,1.159668,0.0,0.0,0.0
2022-08-31 21:38:34.072525+00:00,1661981914.072525,22370.03,10.685,1.054077,-0.113403,-0.019043,-3.005981,-1.121521,1.121521,0.0,0.0,0.0
2022-08-31 21:38:34.093030+00:00,1661981914.0930302,22370.05,10.715,1.05481,-0.113281,-0.018066,-3.059387,-1.121521,1.197815,0.0,0.0,0.0
2022-08-31 21:38:34.113530+00:00,1661981914.1135302,22370.07,10.682,1.052368,-0.115112,-0.015137,-3.036499,-1.144409,1.144409,0.0,0.0,0.0
2022-08-31 21:38:34.134028+00:00,1661981914.1340284,22370.09,10.703,1.052979,-0.108643,-0.021851,-3.074646,-1.075745,1.13678,0.0,0.0,0.0
2022-08-31 21:38:34.154510+00:00,1661981914.1545098,22370.11,10.688,1.053711,-0.115112,-0.017944,-3.059387,-1.121521,1.121521,0.0,0.0,0.0
2022-08-31 21:38:34.174989+00:00,1661981914.1749895,22370.13,10.679,1.054199,-0.112183,-0.019653,-3.074646,-1.144409,1.098633,0.0,0.0,0.0
2022-08-31 21:38:34.195502+00:00,1661981914.1955023,22370.15,10.694,1.05127,-0.113403,-0.016968,-3.02124,-1.144409,1.159668,0.0,0.0,0.0
2022-08-31 21:38:34.215983+00:00,1661981914.215983,22370.17,10.697,1.053101,-0.113525,-0.020508,-3.082275,-1.152039,1.152039,0.0,0.0,0.0
2022-08-31 21:38:34.236570+00:00,1661981914.2365701,22370.2,10.694,1.050171,-0.113159,-0.018555,-3.082275,-1.159668,1.197815,0.0,0.0,0.0
2022-08-31 21:38:34.257002+00:00,1661981914.2570024,22370.22,10.712,1.055176,-0.113525,-0.020752,-3.051758,-1.13678,1.152039,0.0,0.0,0.0
2022-08-31 21:38:34.277493+00:00,1661981914.2774932,22370.24,10.721,1.051514,-0.111206,-0.019897,-3.02887,-1.045227,1.13678,0.0,0.0,0.0
2022-08-31 21:38:34.298012+00:00,1661981914.298012,22370.26,10.703,1.056396,-0.113281,-0.019775,-3.02124,-1.106262,1.167297,0.0,0.0,0.0
2022-08-31 21:38:34.318495+00:00,1661981914.318495,22370.28,10.706,1.053101,-0.112671,-0.02124,-3.067017,-1.098633,1.228333,0.0,0.0,0.0
2022-08-31 21:38:34.338950+00:00,1661981914.33895,22370.3,10.7,1.053955,-0.110474,-0.018799,-3.082275,-1.060486,1.182556,0.0,0.0,0.0
2022-08-31 21:38:34.359426+00:00,1661981914.359426,22370.32,10.724,1.053345,-0.114868,-0.0177,-3.044128,-1.113892,1.197815,0.0,0.0,0.0
2022-08-31 21:38:34.379949+00:00,1661981914.379949,22370.34,10.7,1.05249,-0.111084,-0.018555,-3.051758,-1.190186,1.190186,0.0,0.0,0.0
2022-08-31 21:38:34.400428+00:00,1661981914.4004278,22370.36,10.703,1.052002,-0.115723,-0.019775,-3.005981,-1.213074,1.13678,0.0,0.0,0.0
2022-08-31 21:38:34.420899+00:00,1661981914.4208994,22370.38,10.712,1.051758,-0.112427,-0.021118,-3.044128,-1.144409,1.12915,0.0,0.0,0.0
2022-08-31 21:38:34.441372+00:00,1661981914.441372,22370.4,10.703,1.053345,-0.111938,-0.020508,-3.059387,-1.083374,1.182556,0.0,0.0,0.0
2022-08-31 21:38:34.461845+00:00,1661981914.4618452,22370.42,10.715,1.05249,-0.113892,-0.018677,-3.02124,-1.167297,1.190186,0.0,0.0,0.0
2022-08-31 21:38:34.482319+00:00,1661981914.4823194,22370.44,10.682,1.055664,-0.113525,-0.019775,-3.036499,-1.13678,1.144409,0.0,0.0,0.0
2022-08-31 21:38:34.502824+00:00,1661981914.5028236,22370.46,10.691,1.051514,-0.113647,-0.019287,-3.02124,-1.083374,1.182556,0.0,0.0,0.0
2022-08-31 21:38:34.523288+00:00,1661981914.523288,22370.48,10.7,1.051392,-0.113892,-0.017334,-3.036499,-1.159668,1.13678,0.0,0.0,0.0
2022-08-31 21:38:34.543764+00:00,1661981914.5437639,22370.5,10.694,1.051758,-0.113647,-0.019043,-3.02887,-1.174927,1.159668,0.0,0.0,0.0
2022-08-31 21:38:34.564234+00:00,1661981914.5642345,22370.52,10.7,1.054321,-0.114502,-0.019897,-3.067017,-1.152039,1.159668,0.0,0.0,0.0
2022-08-31 21:38:34.584714+00:00,1661981914.5847144,22370.54,10.697,1.053467,-0.110962,-0.01709,-3.074646,-1.159668,1.228333,0.0,0.0,0.0
2022-08-31 21:38:34.605191+00:00,1661981914.6051915,22370.56,10.691,1.05188,-0.111572,-0.02124,-3.059387,-1.190186,1.152039,0.0,0.0,0.0
2022-08-31 21:38:34.625661+00:00,1661981914.6256614,22370.58,10.718,1.052368,-0.116455,-0.02124,-3.044128,-1.106262,1.182556,0.0,0.0,0.0
2022-08-31 21:38:34.646167+00:00,1661981914.6461668,22370.6,10.712,1.053345,-0.113159,-0.021606,-3.044128,-1.144409,1.197815,0.0,0.0,0.0
2022-08-31 21:38:34.666705+00:00,1661981914.6667047,22370.63,10.682,1.051514,-0.114502,-0.018555,-3.013611,-1.068115,1.159668,0.0,0.0,0.0
2022-08-31 21:38:34.687194+00:00,1661981914.6871939,22370.65,10.697,1.052246,-0.110962,-0.023682,-3.089905,-1.083374,1.152039,0.0,0.0,0.0
2022-08-31 21:38:34.707764+00:00,1661981914.7077641,22370.67,10.706,1.053101,-0.111084,-0.02002,-3.067017,-1.075745,1.228333,0.0,0.0,0.0
2022-08-31 21:38:34.728159+00:00,1661981914.7281587,22370.69,10.7,1.052124,-0.113159,-0.019653,-3.02124,-1.113892,1.159668,0.0,0.0,0.0
2022-08-31 21:38:34.748635+00:00,1661981914.7486348,22370.71,10.703,1.053223,-0.115356,-0.017212,-3.067017,-1.12915,1.13678,0.0,0.0,0.0
2022-08-31 21:38:34.769109+00:00,1661981914.7691088,22370.73,10.676,1.053101,-0.114502,-0.020752,-3.082275,-1.144409,1.174927,0.0,0.0,0.0
2022-08-31 21:38:34.789623+00:00,1661981914.7896233,22370.75,10.7,1.051392,-0.111938,-0.019165,-3.074646,-1.213074,1.152039,0.0,0.0,0.0
2022-08-31 21:38:34.810137+00:00,1661981914.810137,22370.77,10.703,1.053467,-0.113281,-0.023926,-3.097534,-1.152039,1.159668,0.0,0.0,0.0
2022-08-31 21:38:34.830629+00:00,1661981914.830629,22370.79,10.694,1.054321,-0.115479,-0.023804,-3.036499,-1.167297,1.167297,0.0,0.0,0.0
2022-08-31 21:38:34.851136+00:00,1661981914.8511362,22370.81,10.679,1.052368,-0.113403,-0.024292,-3.089905,-1.075745,1.152039,0.0,0.0,0.0
2022-08-31 21:38:34.871680+00:00,1661981914.8716803,22370.83,10.709,1.052979,-0.109863,-0.02002,-3.105164,-1.098633,1.152039,0.0,0.0,0.0
2022-08-31 21:38:34.892218+00:00,1661981914.892218,22370.85,10.703,1.052979,-0.112183,-0.015747,-3.082275,-1.060486,1.167297,0.0,0.0,0.0
2022-08-31 21:38:34.912715+00:00,1661981914.9127147,22370.87,10.7,1.052246,-0.111816,-0.018555,-3.02124,-1.152039,1.144409,0.0,0.0,0.0
2022-08-31 21:38:34.933193+00:00,1661981914.933193,22370.89,10.703,1.055786,-0.112915,-0.016846,-3.097534,-1.113892,1.167297,0.0,0.0,0.0
2022-08-31 21:38:34.953683+00:00,1661981914.9536834,22370.91,10.691,1.054688,-0.11145,-0.018066,-3.082275,-1.167297,1.13678,0.0,0.0,0.0
2022-08-31 21:38:34.974221+00:00,1661981914.9742205,22370.93,10.712,1.05249,-0.112671,-0.018311,-3.02124,-1.197815,1.152039,0.0,0.0,0.0
2022-08-31 21:38:34.995262+00:00,1661981914.9952617,22370.95,10.718,1.053467,-0.115479,-0.021484,-3.059387,-1.144409,1.174927,0.0,0.0,0.0
2022-08-31 21:38:35.015240+00:00,1661981915.0152402,22370.97,10.67,1.052246,-0.113281,-0.02478,-3.097534,-1.098633,1.12915,0.0,0.0,0.0
2022-08-31 21:38:35.036598+00:00,1661981915.0365984,22371.0,10.706,1.053223,-0.113281,-0.020874,-3.044128,-1.12915,1.13678,0.0,0.0,0.0
2022-08-31 21:38:35.056642+00:00,1661981915.0566416,22371.02,10.682,1.053711,-0.112915,-0.021606,-3.128052,-1.121521,1.113892,0.0,0.0,0.0
2022-08-31 21:38:35.077800+00:00,1661981915.0778,22371.04,10.682,1.052124,-0.113892,-0.020386,-3.089905,-1.091003,1.167297,0.0,0.0,0.0
2022-08-31 21:38:35.097816+00:00,1661981915.097816,22371.06,10.694,1.05188,-0.110718,-0.020142,-3.082275,-1.106262,1.121521,0.0,0.0,0.0
2022-08-31 21:38:35.118834+00:00,1661981915.118834,22371.08,10.694,1.05249,-0.109741,-0.018555,-3.051758,-1.098633,1.182556,0.0,0.0,0.0
2022-08-31 21:38:35.139737+00:00,1661981915.1397374,22371.1,10.712,1.054199,-0.113525,-0.019165,-3.044128,-1.144409,1.197815,0.0,0.0,0.0
2022-08-31 21:38:35.160338+00:00,1661981915.1603377,22371.12,10.709,1.053101,-0.112793,-0.019287,-3.044128,-1.197815,1.121521,0.0,0.0,0.0
2022-08-31 21:38:35.181067+00:00,1661981915.181067,22371.14,10.709,1.052246,-0.113525,-0.018677,-3.02887,-1.228333,1.144409,0.0,0.0,0.0
2022-08-31 21:38:35.200441+00:00,1661981915.2004411,22371.16,10.7,1.052734,-0.11499,-0.019653,-3.02887,-1.167297,1.190186,0.0,0.0,0.0
2022-08-31 21:38:35.221348+00:00,1661981915.2213478,22371.18,10.712,1.054688,-0.115845,-0.024536,-3.013611,-1.213074,1.113892,0.0,0.0,0.0
2022-08-31 21:38:35.241921+00:00,1661981915.241921,22371.2,10.7,1.054321,-0.11499,-0.021729,-3.067017,-1.121521,1.197815,0.0,0.0,0.0
2022-08-31 21:38:35.262412+00:00,1661981915.2624123,22371.22,10.706,1.052979,-0.115356,-0.02356,-3.082275,-1.12915,1.205444,0.0,0.0,0.0
2022-08-31 21:38:35.282820+00:00,1661981915.2828197,22371.24,10.721,1.052856,-0.11438,-0.020142,-3.105164,-1.144409,1.121521,0.0,0.0,0.0
2022-08-31 21:38:35.303204+00:00,1661981915.303204,22371.26,10.703,1.052124,-0.11499,-0.02124,-3.097534,-1.144409,1.113892,0.0,0.0,0.0
2022-08-31 21:38:35.323590+00:00,1661981915.32359,22371.28,10.697,1.051392,-0.113037,-0.020264,-3.105164,-1.12915,1.159668,0.0,0.0,0.0
2022-08-31 21:38:35.343945+00:00,1661981915.3439453,22371.3,10.691,1.053833,-0.112549,-0.017334,-3.005981,-1.197815,1.159668,0.0,0.0,0.0
2022-08-31 21:38:35.364322+00:00,1661981915.3643222,22371.32,10.724,1.053589,-0.114136,-0.018921,-3.051758,-1.197815,1.159668,0.0,0.0,0.0
2022-08-31 21:38:35.385116+00:00,1661981915.385116,22371.34,10.706,1.056641,-0.112671,-0.020264,-3.036499,-1.205444,1.13678,0.0,0.0,0.0
2022-08-31 21:38:35.406542+00:00,1661981915.406542,22371.37,10.715,1.054565,-0.113159,-0.020508,-3.02124,-1.091003,1.167297,0.0,0.0,0.0
2022-08-31 21:38:35.426770+00:00,1661981915.4267704,22371.39,10.688,1.054321,-0.111328,-0.022827,-3.051758,-1.091003,1.159668,0.0,0.0,0.0
2022-08-31 21:38:35.447027+00:00,1661981915.4470267,22371.41,10.694,1.051392,-0.113403,-0.019653,-3.067017,-1.121521,1.113892,0.0,0.0,0.0
2022-08-31 21:38:35.467303+00:00,1661981915.4673033,22371.43,10.691,1.052979,-0.113403,-0.018311,-3.051758,-1.075745,1.167297,0.0,0.0,0.0
2022-08-31 21:38:35.487759+00:00,1661981915.4877589,22371.45,10.691,1.054443,-0.111206,-0.016357,-3.036499,-1.121521,1.167297,0.0,0.0,0.0
2022-08-31 21:38:35.508047+00:00,1661981915.508047,22371.47,10.727,1.053467,-0.11377,-0.016235,-3.02887,-1.159668,1.159668,0.0,0.0,0.0
2022-08-31 21:38:35.528320+00:00,1661981915.52832,22371.49,10.694,1.053589,-0.116333,-0.016724,-3.120422,-1.190186,1.144409,0.0,0.0,0.0
2022-08-31 21:38:35.548598+00:00,1661981915.548598,22371.51,10.718,1.053345,-0.112427,-0.019287,-3.097534,-1.106262,1.12915,0.0,0.0,0.0
2022-08-31 21:38:35.568986+00:00,1661981915.5689857,22371.53,10.7,1.054077,-0.112183,-0.019531,-3.005981,-1.12915,1.205444,0.0,0.0,0.0
2022-08-31 21:38:35.589272+00:00,1661981915.5892718,22371.55,10.688,1.056641,-0.111572,-0.019409,-3.044128,-1.159668,1.13678,0.0,0.0,0.0
2022-08-31 21:38:35.609554+00:00,1661981915.6095543,22371.57,10.703,1.053101,-0.114258,-0.019531,-3.059387,-1.121521,1.167297,0.0,0.0,0.0
2022-08-31 21:38:35.629821+00:00,1661981915.6298208,22371.59,10.691,1.054199,-0.114502,-0.021362,-2.990723,-1.098633,1.152039,0.0,0.0,0.0
2022-08-31 21:38:35.650083+00:00,1661981915.6500828,22371.61,10.691,1.05249,-0.113159,-0.02002,-2.990723,-1.13678,1.174927,0.0,0.0,0.0
2022-08-31 21:38:35.670370+00:00,1661981915.6703699,22371.63,10.688,1.05127,-0.111572,-0.018555,-3.005981,-1.106262,1.12915,0.0,0.0,0.0
2022-08-31 21:38:35.690668+00:00,1661981915.6906679,22371.65,10.727,1.051758,-0.111938,-0.020386,-3.059387,-1.075745,1.197815,0.0,0.0,0.0
2022-08-31 21:38:35.710929+00:00,1661981915.7109292,22371.67,10.694,1.053711,-0.115112,-0.019653,-3.013611,-1.075745,1.13678,0.0,0.0,0.0
2022-08-31 21:38:35.731183+00:00,1661981915.7311833,22371.69,10.697,1.054565,-0.113403,-0.022461,-3.02124,-1.159668,1.13678,0.0,0.0,0.0
2022-08-31 21:38:35.751439+00:00,1661981915.7514386,22371.71,10.712,1.053101,-0.109741,-0.017944,-3.051758,-1.13678,1.152039,0.0,0.0,0.0
2022-08-31 21:38:35.771693+00:00,1661981915.7716932,22371.73,10.709,1.055908,-0.113525,-0.019287,-3.097534,-1.182556,1.159668,0.0,0.0,0.0
2022-08-31 21:38:35.791980+00:00,1661981915.79198,22371.75,10.697,1.051636,-0.114014,-0.021729,-3.044128,-1.182556,1.190186,0.0,0.0,0.0
2022-08-31 21:38:35.812238+00:00,1661981915.8122385,22371.77,10.706,1.053101,-0.11499,-0.020264,-3.067017,-1.113892,1.174927,0.0,0.0,0.0
2022-08-31 21:38:35.832489+00:00,1661981915.832489,22371.79,10.718,1.051147,-0.110718,-0.021606,-3.044128,-1.106262,1.152039,0.0,0.0,0.0
2022-08-31 21:38:35.852782+00:00,1661981915.8527818,22371.81,10.682,1.054565,-0.111938,-0.018066,-3.105164,-1.13678,1.121521,0.0,0.0,0.0
2022-08-31 21:38:35.873080+00:00,1661981915.87308,22371.83,10.691,1.05542,-0.111938,-0.021729,-3.013611,-1.174927,1.174927,0.0,0.0,0.0
2022-08-31 21:38:35.893385+00:00,1661981915.8933852,22371.85,10.691,1.054077,-0.113159,-0.016602,-3.036499,-1.190186,1.13678,0.0,0.0,0.0
2022-08-31 21:38:35.913645+00:00,1661981915.913645,22371.87,10.7,1.053711,-0.114136,-0.020996,-3.051758,-1.075745,1.113892,0.0,0.0,0.0
2022-08-31 21:38:35.933906+00:00,1661981915.9339056,22371.89,10.7,1.053833,-0.113525,-0.018921,-3.059387,-1.182556,1.113892,0.0,0.0,0.0
2022-08-31 21:38:35.954166+00:00,1661981915.9541657,22371.91,10.688,1.052246,-0.11438,-0.020386,-3.089905,-1.12915,1.12915,0.0,0.0,0.0
2022-08-31 21:38:35.974420+00:00,1661981915.97442,22371.93,10.7,1.053955,-0.111328,-0.020874,-3.013611,-1.152039,1.167297,0.0,0.0,0.0
2022-08-31 21:38:35.994744+00:00,1661981915.9947443,22371.95,10.724,1.052979,-0.113647,-0.023682,-3.097534,-1.13678,1.190186,0.0,0.0,0.0
2022-08-31 21:38:36.015028+00:00,1661981916.0150278,22371.97,10.7,1.053101,-0.112549,-0.022095,-3.044128,-1.106262,1.159668,0.0,0.0,0.0
2022-08-31 21:38:36.035291+00:00,1661981916.035291,22371.99,10.715,1.052979,-0.114258,-0.017944,-3.067017,-1.144409,1.174927,0.0,0.0,0.0
2022-08-31 21:38:36.055562+00:00,1661981916.0555618,22372.01,10.706,1.055786,-0.114258,-0.024292,-3.005981,-1.152039,1.182556,0.0,0.0,0.0
2022-08-31 21:38:36.075823+00:00,1661981916.0758233,22372.03,10.712,1.052856,-0.112305,-0.017578,-3.036499,-1.144409,1.190186,0.0,0.0,0.0
2022-08-31 21:38:36.096111+00:00,1661981916.096111,22372.05,10.685,1.055664,-0.114868,-0.020386,-3.036499,-1.091003,1.106262,0.0,0.0,0.0
2022-08-31 21:38:36.116376+00:00,1661981916.116376,22372.08,10.7,1.053711,-0.113159,-0.018799,-3.059387,-1.174927,1.144409,0.0,0.0,0.0
2022-08-31 21:38:36.136732+00:00,1661981916.136732,22372.1,10.706,1.053711,-0.113403,-0.022949,-3.02887,-1.121521,1.190186,0.0,0.0,0.0
2022-08-31 21:38:36.156995+00:00,1661981916.1569946,22372.12,10.691,1.053589,-0.111206,-0.019653,-3.044128,-1.106262,1.167297,0.0,0.0,0.0
2022-08-31 21:38:36.177249+00:00,1661981916.1772492,22372.14,10.7,1.053101,-0.112793,-0.020752,-3.036499,-1.167297,1.152039,0.0,0.0,0.0
2022-08-31 21:38:36.197543+00:00,1661981916.1975427,22372.16,10.7,1.052124,-0.111694,-0.019165,-3.105164,-1.159668,1.144409,0.0,0.0,0.0
2022-08-31 21:38:36.217834+00:00,1661981916.2178342,22372.18,10.715,1.052734,-0.11145,-0.020264,-3.082275,-1.12915,1.167297,0.0,0.0,0.0
2022-08-31 21:38:36.238101+00:00,1661981916.2381008,22372.2,10.706,1.054932,-0.115112,-0.019531,-3.097534,-1.075745,1.13678,0.0,0.0,0.0
2022-08-31 21:38:36.259126+00:00,1661981916.2591264,22372.22,10.694,1.052612,-0.112915,-0.019165,-3.059387,-1.045227,1.113892,0.0,0.0,0.0
2022-08-31 21:38:36.279916+00:00,1661981916.2799163,22372.24,10.676,1.054321,-0.113647,-0.018555,-2.998352,-1.121521,1.159668,0.0,0.0,0.0
2022-08-31 21:38:36.300496+00:00,1661981916.3004956,22372.26,10.688,1.055054,-0.11145,-0.020752,-3.105164,-1.220703,1.12915,0.0,0.0,0.0
2022-08-31 21:38:36.321049+00:00,1661981916.3210487,22372.28,10.691,1.052246,-0.113037,-0.018555,-3.036499,-1.121521,1.098633,0.0,0.0,0.0
2022-08-31 21:38:36.341580+00:00,1661981916.34158,22372.3,10.688,1.054443,-0.111206,-0.022827,-3.044128,-1.13678,1.152039,0.0,0.0,0.0
2022-08-31 21:38:36.362103+00:00,1661981916.3621035,22372.32,10.697,1.053223,-0.113037,-0.02124,-3.013611,-1.098633,1.113892,0.0,0.0,0.0
2022-08-31 21:38:36.382638+00:00,1661981916.3826377,22372.34,10.703,1.054565,-0.112915,-0.019775,-3.120422,-1.12915,1.152039,0.0,0.0,0.0
2022-08-31 21:38:36.403208+00:00,1661981916.403208,22372.36,10.703,1.053711,-0.113892,-0.021851,-3.089905,-1.052856,1.121521,0.0,0.0,0.0
2022-08-31 21:38:36.423716+00:00,1661981916.423716,22372.38,10.697,1.050903,-0.112793,-0.017456,-3.02124,-1.052856,1.197815,0.0,0.0,0.0
2022-08-31 21:38:36.444301+00:00,1661981916.444301,22372.4,10.706,1.052979,-0.113647,-0.020264,-3.067017,-1.098633,1.167297,0.0,0.0,0.0
